Leaf_ID,L0,L1_System,L2_Assembly,L3_Component,L4_Feature,L5_FunctionalLeaf,L6_PartFamily,L7_PartAssembly,L8_Subassembly,L9_Element,L10_Subelement,L11_DetailedFeature,L12_Interface,L13_LayerOrRegion,L14_MaterialOrInformationSystem,L15_ConstituentOrDataField,L16_GeometryOrLogicPrimitive,L17_ConnectionOrBoundaryDetail,L18_StateOrControlPoint,L19_EvidenceOrInspectionPoint,L20_AtomicRegionOrAssertion,Template,Kind,Source_OM5_Rule,OM20_L20_Rule,Notes
T0001,OM20_Building_001,SiteSystem,GroundAssembly,SiteGroundComponent,GroundSurfaceFeature,GroundPlaneLeaf,SiteWorkPartFamily,SurfaceConstructionAssembly,PavementSubassembly,SurfaceElement,BaseCourseSubelement,EdgeJointFeature,GroundInterface,WearingLayer,CivilMaterialSystem,AggregateBinderConstituent,PlanarSolidPrimitive,DrainageBoundaryDetail,SurfaceConditionPoint,SiteInspectionPoint,AtomicSiteSurfaceRegion,SITE_SURFACE,geometry,OM5_L5_SiteSystem_GroundAssembly_SiteGroundComponent_GroundSurfaceFeature_GroundPlaneLeaf,OM20_T0001_L20_AtomicSiteSurfaceRegion,
T0002,OM20_Building_001,SiteSystem,GroundAssembly,EntryWalkComponent,PavingSurfaceFeature,EntryWalkLeaf,SiteWorkPartFamily,SurfaceConstructionAssembly,PavementSubassembly,SurfaceElement,BaseCourseSubelement,EdgeJointFeature,GroundInterface,WearingLayer,CivilMaterialSystem,AggregateBinderConstituent,PlanarSolidPrimitive,DrainageBoundaryDetail,SurfaceConditionPoint,SiteInspectionPoint,AtomicSiteSurfaceRegion,SITE_SURFACE,geometry,OM5_L5_SiteSystem_GroundAssembly_EntryWalkComponent_PavingSurfaceFeature_EntryWalkLeaf,OM20_T0002_L20_AtomicSiteSurfaceRegion,
T0003,OM20_Building_001,SiteSystem,GroundAssembly,DrivewayComponent,VehicleSurfaceFeature,DrivewayLeaf,SiteWorkPartFamily,SurfaceConstructionAssembly,PavementSubassembly,SurfaceElement,BaseCourseSubelement,EdgeJointFeature,GroundInterface,WearingLayer,CivilMaterialSystem,AggregateBinderConstituent,PlanarSolidPrimitive,DrainageBoundaryDetail,SurfaceConditionPoint,SiteInspectionPoint,AtomicSiteSurfaceRegion,SITE_SURFACE,geometry,OM5_L5_SiteSystem_GroundAssembly_DrivewayComponent_VehicleSurfaceFeature_DrivewayLeaf,OM20_T0003_L20_AtomicSiteSurfaceRegion,
T0004,OM20_Building_001,SiteSystem,GroundAssembly,ServicePadComponent,EquipmentBearingFeature,ServicePadLeaf,SiteWorkPartFamily,SurfaceConstructionAssembly,PavementSubassembly,SurfaceElement,BaseCourseSubelement,EdgeJointFeature,GroundInterface,WearingLayer,CivilMaterialSystem,AggregateBinderConstituent,PlanarSolidPrimitive,DrainageBoundaryDetail,SurfaceConditionPoint,SiteInspectionPoint,AtomicSiteSurfaceRegion,SITE_SURFACE,geometry,OM5_L5_SiteSystem_GroundAssembly_ServicePadComponent_EquipmentBearingFeature_ServicePadLeaf,OM20_T0004_L20_AtomicSiteSurfaceRegion,
T0005,OM20_Building_001,SiteSystem,GroundAssembly,RearTerraceComponent,TerraceSurfaceFeature,RearTerraceLeaf,SiteWorkPartFamily,SurfaceConstructionAssembly,PavementSubassembly,SurfaceElement,BaseCourseSubelement,EdgeJointFeature,GroundInterface,WearingLayer,CivilMaterialSystem,AggregateBinderConstituent,PlanarSolidPrimitive,DrainageBoundaryDetail,SurfaceConditionPoint,SiteInspectionPoint,AtomicSiteSurfaceRegion,SITE_SURFACE,geometry,OM5_L5_SiteSystem_GroundAssembly_RearTerraceComponent_TerraceSurfaceFeature_RearTerraceLeaf,OM20_T0005_L20_AtomicSiteSurfaceRegion,
T0006,OM20_Building_001,SiteSystem,LandscapeAssembly,LeftPlanterComponent,PlanterContainerFeature,LeftPlanterBoxLeaf,LandscapePartFamily,PlanterAssembly,ContainerSoilSubassembly,PlanterElement,WallSoilSubelement,DrainageEdgeFeature,RootZoneInterface,FinishDrainageLayer,LandscapeMaterialSystem,SoilPlantConstituent,ContainerVolumePrimitive,IrrigationBoundaryDetail,MoistureStatePoint,LandscapeInspectionPoint,AtomicLandscapeRegion,LANDSCAPE_CONTAINER,geometry,OM5_L5_SiteSystem_LandscapeAssembly_LeftPlanterComponent_PlanterContainerFeature_LeftPlanterBoxLeaf,OM20_T0006_L20_AtomicLandscapeRegion,
T0007,OM20_Building_001,SiteSystem,LandscapeAssembly,LeftPlanterComponent,PlantingMediumFeature,LeftPlanterSoilLeaf,LandscapePartFamily,PlanterAssembly,ContainerSoilSubassembly,PlanterElement,WallSoilSubelement,DrainageEdgeFeature,RootZoneInterface,FinishDrainageLayer,LandscapeMaterialSystem,SoilPlantConstituent,ContainerVolumePrimitive,IrrigationBoundaryDetail,MoistureStatePoint,LandscapeInspectionPoint,AtomicLandscapeRegion,LANDSCAPE_CONTAINER,geometry,OM5_L5_SiteSystem_LandscapeAssembly_LeftPlanterComponent_PlantingMediumFeature_LeftPlanterSoilLeaf,OM20_T0007_L20_AtomicLandscapeRegion,
T0008,OM20_Building_001,SiteSystem,LandscapeAssembly,RightPlanterComponent,PlanterContainerFeature,RightPlanterBoxLeaf,LandscapePartFamily,PlanterAssembly,ContainerSoilSubassembly,PlanterElement,WallSoilSubelement,DrainageEdgeFeature,RootZoneInterface,FinishDrainageLayer,LandscapeMaterialSystem,SoilPlantConstituent,ContainerVolumePrimitive,IrrigationBoundaryDetail,MoistureStatePoint,LandscapeInspectionPoint,AtomicLandscapeRegion,LANDSCAPE_CONTAINER,geometry,OM5_L5_SiteSystem_LandscapeAssembly_RightPlanterComponent_PlanterContainerFeature_RightPlanterBoxLeaf,OM20_T0008_L20_AtomicLandscapeRegion,
T0009,OM20_Building_001,SiteSystem,LandscapeAssembly,RightPlanterComponent,PlantingMediumFeature,RightPlanterSoilLeaf,LandscapePartFamily,PlanterAssembly,ContainerSoilSubassembly,PlanterElement,WallSoilSubelement,DrainageEdgeFeature,RootZoneInterface,FinishDrainageLayer,LandscapeMaterialSystem,SoilPlantConstituent,ContainerVolumePrimitive,IrrigationBoundaryDetail,MoistureStatePoint,LandscapeInspectionPoint,AtomicLandscapeRegion,LANDSCAPE_CONTAINER,geometry,OM5_L5_SiteSystem_LandscapeAssembly_RightPlanterComponent_PlantingMediumFeature_RightPlanterSoilLeaf,OM20_T0009_L20_AtomicLandscapeRegion,
T0010,OM20_Building_001,SiteSystem,LandscapeAssembly,LeftTreeComponent,TrunkFeature,LeftTreeTrunkLeaf,VegetationPartFamily,PlantOrganAssembly,StemCrownSubassembly,PlantElement,TissueSubelement,BarkLeafFeature,RootAirInterface,BiologicalSurfaceLayer,PlantMaterialSystem,OrganicConstituent,BranchCrownPrimitive,GrowthBoundaryDetail,HealthStatePoint,HorticulturalInspectionPoint,AtomicPlantRegion,PLANT,geometry,OM5_L5_SiteSystem_LandscapeAssembly_LeftTreeComponent_TrunkFeature_LeftTreeTrunkLeaf,OM20_T0010_L20_AtomicPlantRegion,
T0011,OM20_Building_001,SiteSystem,LandscapeAssembly,LeftTreeComponent,CrownFeature,LeftTreeCrownLeaf,VegetationPartFamily,PlantOrganAssembly,StemCrownSubassembly,PlantElement,TissueSubelement,BarkLeafFeature,RootAirInterface,BiologicalSurfaceLayer,PlantMaterialSystem,OrganicConstituent,BranchCrownPrimitive,GrowthBoundaryDetail,HealthStatePoint,HorticulturalInspectionPoint,AtomicPlantRegion,PLANT,geometry,OM5_L5_SiteSystem_LandscapeAssembly_LeftTreeComponent_CrownFeature_LeftTreeCrownLeaf,OM20_T0011_L20_AtomicPlantRegion,
T0012,OM20_Building_001,SiteSystem,LandscapeAssembly,RightTreeComponent,TrunkFeature,RightTreeTrunkLeaf,VegetationPartFamily,PlantOrganAssembly,StemCrownSubassembly,PlantElement,TissueSubelement,BarkLeafFeature,RootAirInterface,BiologicalSurfaceLayer,PlantMaterialSystem,OrganicConstituent,BranchCrownPrimitive,GrowthBoundaryDetail,HealthStatePoint,HorticulturalInspectionPoint,AtomicPlantRegion,PLANT,geometry,OM5_L5_SiteSystem_LandscapeAssembly_RightTreeComponent_TrunkFeature_RightTreeTrunkLeaf,OM20_T0012_L20_AtomicPlantRegion,
T0013,OM20_Building_001,SiteSystem,LandscapeAssembly,RightTreeComponent,CrownFeature,RightTreeCrownLeaf,VegetationPartFamily,PlantOrganAssembly,StemCrownSubassembly,PlantElement,TissueSubelement,BarkLeafFeature,RootAirInterface,BiologicalSurfaceLayer,PlantMaterialSystem,OrganicConstituent,BranchCrownPrimitive,GrowthBoundaryDetail,HealthStatePoint,HorticulturalInspectionPoint,AtomicPlantRegion,PLANT,geometry,OM5_L5_SiteSystem_LandscapeAssembly_RightTreeComponent_CrownFeature_RightTreeCrownLeaf,OM20_T0013_L20_AtomicPlantRegion,
T0014,OM20_Building_001,SiteSystem,BoundaryAssembly,PerimeterFenceComponent,RearFenceFeature,RearFenceLeaf,BoundaryPartFamily,FenceAssembly,PanelPostSubassembly,FenceElement,RailPostSubelement,EdgeFixingFeature,GroundPanelInterface,ProtectiveFinishLayer,FenceMaterialSystem,AlloyCoatingConstituent,LinearPanelPrimitive,AnchorJointDetail,AlignmentStatePoint,BoundaryInspectionPoint,AtomicFenceRegion,FENCE,geometry,OM5_L5_SiteSystem_BoundaryAssembly_PerimeterFenceComponent_RearFenceFeature_RearFenceLeaf,OM20_T0014_L20_AtomicFenceRegion,
T0015,OM20_Building_001,SiteSystem,BoundaryAssembly,PerimeterFenceComponent,LeftFenceFeature,LeftFenceLeaf,BoundaryPartFamily,FenceAssembly,PanelPostSubassembly,FenceElement,RailPostSubelement,EdgeFixingFeature,GroundPanelInterface,ProtectiveFinishLayer,FenceMaterialSystem,AlloyCoatingConstituent,LinearPanelPrimitive,AnchorJointDetail,AlignmentStatePoint,BoundaryInspectionPoint,AtomicFenceRegion,FENCE,geometry,OM5_L5_SiteSystem_BoundaryAssembly_PerimeterFenceComponent_LeftFenceFeature_LeftFenceLeaf,OM20_T0015_L20_AtomicFenceRegion,
T0016,OM20_Building_001,SiteSystem,BoundaryAssembly,PerimeterFenceComponent,RightFenceFeature,RightFenceLeaf,BoundaryPartFamily,FenceAssembly,PanelPostSubassembly,FenceElement,RailPostSubelement,EdgeFixingFeature,GroundPanelInterface,ProtectiveFinishLayer,FenceMaterialSystem,AlloyCoatingConstituent,LinearPanelPrimitive,AnchorJointDetail,AlignmentStatePoint,BoundaryInspectionPoint,AtomicFenceRegion,FENCE,geometry,OM5_L5_SiteSystem_BoundaryAssembly_PerimeterFenceComponent_RightFenceFeature_RightFenceLeaf,OM20_T0016_L20_AtomicFenceRegion,
T0017,OM20_Building_001,SiteSystem,BoundaryAssembly,PropertyBoundaryComponent,SurveyInterfaceFeature,PropertyBoundaryEvidenceLeaf,SemanticPartFamily,SemanticAssembly,MeaningReferenceSubassembly,SemanticElement,AttributeSubelement,ReferenceFeature,ObjectEvidenceInterface,MetadataLayer,SemanticInformationSystem,IdentifierValueConstituent,LogicalRecordPrimitive,ReferenceBoundaryDetail,SemanticStatePoint,ProvenanceEvidencePoint,AtomicSemanticAssertion,SEMANTIC_EVIDENCE,semantic,OM5_L5_SiteSystem_BoundaryAssembly_PropertyBoundaryComponent_SurveyInterfaceFeature_PropertyBoundaryEvidenceLeaf,OM20_T0017_L20_AtomicSemanticAssertion,Semantic property boundary; no visible geometry is generated.
T0018,OM20_Building_001,StructuralSystem,FoundationAssembly,FrontWingFoundationComponent,LoadTransferFeature,FrontWingFoundationLeaf,FoundationPartFamily,LoadTransferAssembly,FootingSubassembly,FoundationElement,ReinforcementZoneSubelement,BaseEdgeFeature,SoilStructureInterface,WaterproofCoverLayer,ConcreteMaterialSystem,CementAggregateConstituent,FootingSolidPrimitive,AnchorJointDetail,SettlementLoadStatePoint,FoundationInspectionPoint,AtomicFoundationRegion,FOUNDATION,geometry,OM5_L5_StructuralSystem_FoundationAssembly_FrontWingFoundationComponent_LoadTransferFeature_FrontWingFoundationLeaf,OM20_T0018_L20_AtomicFoundationRegion,
T0019,OM20_Building_001,StructuralSystem,FloorAssembly,FrontWingFloorSlabComponent,StructuralSlabFeature,FrontWingFloorSlabLeaf,FloorStructurePartFamily,SlabAssembly,LoadDistributionSubassembly,SlabElement,ReinforcementZoneSubelement,EdgeOpeningFeature,BearingJointInterface,FinishCoverLayer,ConcreteMaterialSystem,CementAggregateConstituent,PlateSolidPrimitive,JointPenetrationDetail,DeflectionCrackStatePoint,SlabInspectionPoint,AtomicSlabRegion,SLAB,geometry,OM5_L5_StructuralSystem_FloorAssembly_FrontWingFloorSlabComponent_StructuralSlabFeature_FrontWingFloorSlabLeaf,OM20_T0019_L20_AtomicSlabRegion,
T0020,OM20_Building_001,StructuralSystem,FoundationAssembly,LeftWingFoundationComponent,LoadTransferFeature,LeftWingFoundationLeaf,FoundationPartFamily,LoadTransferAssembly,FootingSubassembly,FoundationElement,ReinforcementZoneSubelement,BaseEdgeFeature,SoilStructureInterface,WaterproofCoverLayer,ConcreteMaterialSystem,CementAggregateConstituent,FootingSolidPrimitive,AnchorJointDetail,SettlementLoadStatePoint,FoundationInspectionPoint,AtomicFoundationRegion,FOUNDATION,geometry,OM5_L5_StructuralSystem_FoundationAssembly_LeftWingFoundationComponent_LoadTransferFeature_LeftWingFoundationLeaf,OM20_T0020_L20_AtomicFoundationRegion,
T0021,OM20_Building_001,StructuralSystem,FloorAssembly,LeftWingFloorSlabComponent,StructuralSlabFeature,LeftWingFloorSlabLeaf,FloorStructurePartFamily,SlabAssembly,LoadDistributionSubassembly,SlabElement,ReinforcementZoneSubelement,EdgeOpeningFeature,BearingJointInterface,FinishCoverLayer,ConcreteMaterialSystem,CementAggregateConstituent,PlateSolidPrimitive,JointPenetrationDetail,DeflectionCrackStatePoint,SlabInspectionPoint,AtomicSlabRegion,SLAB,geometry,OM5_L5_StructuralSystem_FloorAssembly_LeftWingFloorSlabComponent_StructuralSlabFeature_LeftWingFloorSlabLeaf,OM20_T0021_L20_AtomicSlabRegion,
T0022,OM20_Building_001,StructuralSystem,FoundationAssembly,RightWingFoundationComponent,LoadTransferFeature,RightWingFoundationLeaf,FoundationPartFamily,LoadTransferAssembly,FootingSubassembly,FoundationElement,ReinforcementZoneSubelement,BaseEdgeFeature,SoilStructureInterface,WaterproofCoverLayer,ConcreteMaterialSystem,CementAggregateConstituent,FootingSolidPrimitive,AnchorJointDetail,SettlementLoadStatePoint,FoundationInspectionPoint,AtomicFoundationRegion,FOUNDATION,geometry,OM5_L5_StructuralSystem_FoundationAssembly_RightWingFoundationComponent_LoadTransferFeature_RightWingFoundationLeaf,OM20_T0022_L20_AtomicFoundationRegion,
T0023,OM20_Building_001,StructuralSystem,FloorAssembly,RightWingFloorSlabComponent,StructuralSlabFeature,RightWingFloorSlabLeaf,FloorStructurePartFamily,SlabAssembly,LoadDistributionSubassembly,SlabElement,ReinforcementZoneSubelement,EdgeOpeningFeature,BearingJointInterface,FinishCoverLayer,ConcreteMaterialSystem,CementAggregateConstituent,PlateSolidPrimitive,JointPenetrationDetail,DeflectionCrackStatePoint,SlabInspectionPoint,AtomicSlabRegion,SLAB,geometry,OM5_L5_StructuralSystem_FloorAssembly_RightWingFloorSlabComponent_StructuralSlabFeature_RightWingFloorSlabLeaf,OM20_T0023_L20_AtomicSlabRegion,
T0024,OM20_Building_001,StructuralSystem,VerticalSupportAssembly,FrontLeftCornerColumnComponent,ColumnShaftFeature,FrontLeftCornerColumnLeaf,VerticalStructurePartFamily,ColumnAssembly,MemberSubassembly,ColumnElement,SectionSubelement,FaceEndFeature,BaseTopInterface,ProtectiveFinishLayer,StructuralMaterialSystem,AlloyConcreteConstituent,PrismaticMemberPrimitive,BaseHeadConnectionDetail,AxialLoadStatePoint,ColumnInspectionPoint,AtomicColumnRegion,COLUMN,geometry,OM5_L5_StructuralSystem_VerticalSupportAssembly_FrontLeftCornerColumnComponent_ColumnShaftFeature_FrontLeftCornerColumnLeaf,OM20_T0024_L20_AtomicColumnRegion,
T0025,OM20_Building_001,StructuralSystem,VerticalSupportAssembly,FrontRightCornerColumnComponent,ColumnShaftFeature,FrontRightCornerColumnLeaf,VerticalStructurePartFamily,ColumnAssembly,MemberSubassembly,ColumnElement,SectionSubelement,FaceEndFeature,BaseTopInterface,ProtectiveFinishLayer,StructuralMaterialSystem,AlloyConcreteConstituent,PrismaticMemberPrimitive,BaseHeadConnectionDetail,AxialLoadStatePoint,ColumnInspectionPoint,AtomicColumnRegion,COLUMN,geometry,OM5_L5_StructuralSystem_VerticalSupportAssembly_FrontRightCornerColumnComponent_ColumnShaftFeature_FrontRightCornerColumnLeaf,OM20_T0025_L20_AtomicColumnRegion,
T0026,OM20_Building_001,StructuralSystem,VerticalSupportAssembly,LeftRearCornerColumnComponent,ColumnShaftFeature,LeftRearCornerColumnLeaf,VerticalStructurePartFamily,ColumnAssembly,MemberSubassembly,ColumnElement,SectionSubelement,FaceEndFeature,BaseTopInterface,ProtectiveFinishLayer,StructuralMaterialSystem,AlloyConcreteConstituent,PrismaticMemberPrimitive,BaseHeadConnectionDetail,AxialLoadStatePoint,ColumnInspectionPoint,AtomicColumnRegion,COLUMN,geometry,OM5_L5_StructuralSystem_VerticalSupportAssembly_LeftRearCornerColumnComponent_ColumnShaftFeature_LeftRearCornerColumnLeaf,OM20_T0026_L20_AtomicColumnRegion,
T0027,OM20_Building_001,StructuralSystem,VerticalSupportAssembly,RightRearCornerColumnComponent,ColumnShaftFeature,RightRearCornerColumnLeaf,VerticalStructurePartFamily,ColumnAssembly,MemberSubassembly,ColumnElement,SectionSubelement,FaceEndFeature,BaseTopInterface,ProtectiveFinishLayer,StructuralMaterialSystem,AlloyConcreteConstituent,PrismaticMemberPrimitive,BaseHeadConnectionDetail,AxialLoadStatePoint,ColumnInspectionPoint,AtomicColumnRegion,COLUMN,geometry,OM5_L5_StructuralSystem_VerticalSupportAssembly_RightRearCornerColumnComponent_ColumnShaftFeature_RightRearCornerColumnLeaf,OM20_T0027_L20_AtomicColumnRegion,
T0028,OM20_Building_001,StructuralSystem,VerticalSupportAssembly,CourtyardFrontLeftColumnComponent,ColumnShaftFeature,CourtyardFrontLeftColumnLeaf,VerticalStructurePartFamily,ColumnAssembly,MemberSubassembly,ColumnElement,SectionSubelement,FaceEndFeature,BaseTopInterface,ProtectiveFinishLayer,StructuralMaterialSystem,AlloyConcreteConstituent,PrismaticMemberPrimitive,BaseHeadConnectionDetail,AxialLoadStatePoint,ColumnInspectionPoint,AtomicColumnRegion,COLUMN,geometry,OM5_L5_StructuralSystem_VerticalSupportAssembly_CourtyardFrontLeftColumnComponent_ColumnShaftFeature_CourtyardFrontLeftColumnLeaf,OM20_T0028_L20_AtomicColumnRegion,
T0029,OM20_Building_001,StructuralSystem,VerticalSupportAssembly,CourtyardFrontRightColumnComponent,ColumnShaftFeature,CourtyardFrontRightColumnLeaf,VerticalStructurePartFamily,ColumnAssembly,MemberSubassembly,ColumnElement,SectionSubelement,FaceEndFeature,BaseTopInterface,ProtectiveFinishLayer,StructuralMaterialSystem,AlloyConcreteConstituent,PrismaticMemberPrimitive,BaseHeadConnectionDetail,AxialLoadStatePoint,ColumnInspectionPoint,AtomicColumnRegion,COLUMN,geometry,OM5_L5_StructuralSystem_VerticalSupportAssembly_CourtyardFrontRightColumnComponent_ColumnShaftFeature_CourtyardFrontRightColumnLeaf,OM20_T0029_L20_AtomicColumnRegion,
T0030,OM20_Building_001,StructuralSystem,VerticalSupportAssembly,CourtyardRearLeftColumnComponent,ColumnShaftFeature,CourtyardRearLeftColumnLeaf,VerticalStructurePartFamily,ColumnAssembly,MemberSubassembly,ColumnElement,SectionSubelement,FaceEndFeature,BaseTopInterface,ProtectiveFinishLayer,StructuralMaterialSystem,AlloyConcreteConstituent,PrismaticMemberPrimitive,BaseHeadConnectionDetail,AxialLoadStatePoint,ColumnInspectionPoint,AtomicColumnRegion,COLUMN,geometry,OM5_L5_StructuralSystem_VerticalSupportAssembly_CourtyardRearLeftColumnComponent_ColumnShaftFeature_CourtyardRearLeftColumnLeaf,OM20_T0030_L20_AtomicColumnRegion,
T0031,OM20_Building_001,StructuralSystem,VerticalSupportAssembly,CourtyardRearRightColumnComponent,ColumnShaftFeature,CourtyardRearRightColumnLeaf,VerticalStructurePartFamily,ColumnAssembly,MemberSubassembly,ColumnElement,SectionSubelement,FaceEndFeature,BaseTopInterface,ProtectiveFinishLayer,StructuralMaterialSystem,AlloyConcreteConstituent,PrismaticMemberPrimitive,BaseHeadConnectionDetail,AxialLoadStatePoint,ColumnInspectionPoint,AtomicColumnRegion,COLUMN,geometry,OM5_L5_StructuralSystem_VerticalSupportAssembly_CourtyardRearRightColumnComponent_ColumnShaftFeature_CourtyardRearRightColumnLeaf,OM20_T0031_L20_AtomicColumnRegion,
T0032,OM20_Building_001,StructuralSystem,CoreAssembly,ServiceCoreComponent,CoreWallFeature,ServiceCoreLeaf,CorePartFamily,CoreAssembly,WallShaftSubassembly,CoreElement,WallSegmentSubelement,OpeningEdgeFeature,FloorCoreInterface,ProtectiveServiceLayer,CoreMaterialSystem,ConcreteReinforcementConstituent,CoreVolumePrimitive,WallJointDetail,DriftLoadStatePoint,CoreInspectionPoint,AtomicCoreRegion,CORE,geometry,OM5_L5_StructuralSystem_CoreAssembly_ServiceCoreComponent_CoreWallFeature_ServiceCoreLeaf,OM20_T0032_L20_AtomicCoreRegion,
T0033,OM20_Building_001,StructuralSystem,HeaderAssembly,FrontOpeningHeaderComponent,LintelFeature,FrontHeaderLeaf,StructuralMemberPartFamily,FramingAssembly,MemberSubassembly,BeamPostElement,SectionSubelement,EndFaceFeature,SupportConnectionInterface,ProtectiveFinishLayer,StructuralMaterialSystem,AlloyTimberConcreteConstituent,LinearMemberPrimitive,JointFastenerDetail,LoadDeflectionStatePoint,MemberInspectionPoint,AtomicMemberRegion,STRUCTURAL_MEMBER,geometry,OM5_L5_StructuralSystem_HeaderAssembly_FrontOpeningHeaderComponent_LintelFeature_FrontHeaderLeaf,OM20_T0033_L20_AtomicMemberRegion,
T0034,OM20_Building_001,StructuralSystem,HeaderAssembly,CourtyardOpeningHeaderComponent,LintelFeature,CourtyardHeaderLeaf,StructuralMemberPartFamily,FramingAssembly,MemberSubassembly,BeamPostElement,SectionSubelement,EndFaceFeature,SupportConnectionInterface,ProtectiveFinishLayer,StructuralMaterialSystem,AlloyTimberConcreteConstituent,LinearMemberPrimitive,JointFastenerDetail,LoadDeflectionStatePoint,MemberInspectionPoint,AtomicMemberRegion,STRUCTURAL_MEMBER,geometry,OM5_L5_StructuralSystem_HeaderAssembly_CourtyardOpeningHeaderComponent_LintelFeature_CourtyardHeaderLeaf,OM20_T0034_L20_AtomicMemberRegion,
T0035,OM20_Building_001,EnvelopeSystem,FrontFacadeAssembly,FrontOpaqueWallComponent,SegmentedWallFeature,PierFarLeftLeaf,EnvelopePartFamily,WallAssembly,LayeredWallSubassembly,WallElement,PanelPierSubelement,OpeningEdgeFeature,InteriorExteriorInterface,FinishInsulationLayer,WallMaterialSystem,SubstrateCladdingConstituent,PlanarWallPrimitive,JointSealDetail,MoistureThermalStatePoint,WallInspectionPoint,AtomicWallRegion,WALL,geometry,OM5_L5_EnvelopeSystem_FrontFacadeAssembly_FrontOpaqueWallComponent_SegmentedWallFeature_PierFarLeftLeaf,OM20_T0035_L20_AtomicWallRegion,
T0036,OM20_Building_001,EnvelopeSystem,FrontFacadeAssembly,FrontOpaqueWallComponent,SegmentedWallFeature,PierLeftCenterLeaf,EnvelopePartFamily,WallAssembly,LayeredWallSubassembly,WallElement,PanelPierSubelement,OpeningEdgeFeature,InteriorExteriorInterface,FinishInsulationLayer,WallMaterialSystem,SubstrateCladdingConstituent,PlanarWallPrimitive,JointSealDetail,MoistureThermalStatePoint,WallInspectionPoint,AtomicWallRegion,WALL,geometry,OM5_L5_EnvelopeSystem_FrontFacadeAssembly_FrontOpaqueWallComponent_SegmentedWallFeature_PierLeftCenterLeaf,OM20_T0036_L20_AtomicWallRegion,
T0037,OM20_Building_001,EnvelopeSystem,FrontFacadeAssembly,FrontOpaqueWallComponent,SegmentedWallFeature,PierRightCenterLeaf,EnvelopePartFamily,WallAssembly,LayeredWallSubassembly,WallElement,PanelPierSubelement,OpeningEdgeFeature,InteriorExteriorInterface,FinishInsulationLayer,WallMaterialSystem,SubstrateCladdingConstituent,PlanarWallPrimitive,JointSealDetail,MoistureThermalStatePoint,WallInspectionPoint,AtomicWallRegion,WALL,geometry,OM5_L5_EnvelopeSystem_FrontFacadeAssembly_FrontOpaqueWallComponent_SegmentedWallFeature_PierRightCenterLeaf,OM20_T0037_L20_AtomicWallRegion,
T0038,OM20_Building_001,EnvelopeSystem,FrontFacadeAssembly,FrontOpaqueWallComponent,SegmentedWallFeature,PierFarRightLeaf,EnvelopePartFamily,WallAssembly,LayeredWallSubassembly,WallElement,PanelPierSubelement,OpeningEdgeFeature,InteriorExteriorInterface,FinishInsulationLayer,WallMaterialSystem,SubstrateCladdingConstituent,PlanarWallPrimitive,JointSealDetail,MoistureThermalStatePoint,WallInspectionPoint,AtomicWallRegion,WALL,geometry,OM5_L5_EnvelopeSystem_FrontFacadeAssembly_FrontOpaqueWallComponent_SegmentedWallFeature_PierFarRightLeaf,OM20_T0038_L20_AtomicWallRegion,
T0039,OM20_Building_001,EnvelopeSystem,FrontFacadeAssembly,FrontOpaqueWallComponent,SegmentedWallFeature,LeftWindowSillLeaf,EnvelopePartFamily,WallAssembly,LayeredWallSubassembly,WallElement,PanelPierSubelement,OpeningEdgeFeature,InteriorExteriorInterface,FinishInsulationLayer,WallMaterialSystem,SubstrateCladdingConstituent,PlanarWallPrimitive,JointSealDetail,MoistureThermalStatePoint,WallInspectionPoint,AtomicWallRegion,WALL,geometry,OM5_L5_EnvelopeSystem_FrontFacadeAssembly_FrontOpaqueWallComponent_SegmentedWallFeature_LeftWindowSillLeaf,OM20_T0039_L20_AtomicWallRegion,
T0040,OM20_Building_001,EnvelopeSystem,FrontFacadeAssembly,FrontOpaqueWallComponent,SegmentedWallFeature,LeftWindowHeadLeaf,EnvelopePartFamily,WallAssembly,LayeredWallSubassembly,WallElement,PanelPierSubelement,OpeningEdgeFeature,InteriorExteriorInterface,FinishInsulationLayer,WallMaterialSystem,SubstrateCladdingConstituent,PlanarWallPrimitive,JointSealDetail,MoistureThermalStatePoint,WallInspectionPoint,AtomicWallRegion,WALL,geometry,OM5_L5_EnvelopeSystem_FrontFacadeAssembly_FrontOpaqueWallComponent_SegmentedWallFeature_LeftWindowHeadLeaf,OM20_T0040_L20_AtomicWallRegion,
T0041,OM20_Building_001,EnvelopeSystem,FrontFacadeAssembly,FrontOpaqueWallComponent,SegmentedWallFeature,RightWindowSillLeaf,EnvelopePartFamily,WallAssembly,LayeredWallSubassembly,WallElement,PanelPierSubelement,OpeningEdgeFeature,InteriorExteriorInterface,FinishInsulationLayer,WallMaterialSystem,SubstrateCladdingConstituent,PlanarWallPrimitive,JointSealDetail,MoistureThermalStatePoint,WallInspectionPoint,AtomicWallRegion,WALL,geometry,OM5_L5_EnvelopeSystem_FrontFacadeAssembly_FrontOpaqueWallComponent_SegmentedWallFeature_RightWindowSillLeaf,OM20_T0041_L20_AtomicWallRegion,
T0042,OM20_Building_001,EnvelopeSystem,FrontFacadeAssembly,FrontOpaqueWallComponent,SegmentedWallFeature,RightWindowHeadLeaf,EnvelopePartFamily,WallAssembly,LayeredWallSubassembly,WallElement,PanelPierSubelement,OpeningEdgeFeature,InteriorExteriorInterface,FinishInsulationLayer,WallMaterialSystem,SubstrateCladdingConstituent,PlanarWallPrimitive,JointSealDetail,MoistureThermalStatePoint,WallInspectionPoint,AtomicWallRegion,WALL,geometry,OM5_L5_EnvelopeSystem_FrontFacadeAssembly_FrontOpaqueWallComponent_SegmentedWallFeature_RightWindowHeadLeaf,OM20_T0042_L20_AtomicWallRegion,
T0043,OM20_Building_001,EnvelopeSystem,FrontFacadeAssembly,FrontOpaqueWallComponent,SegmentedWallFeature,EntryDoorHeadLeaf,EnvelopePartFamily,WallAssembly,LayeredWallSubassembly,WallElement,PanelPierSubelement,OpeningEdgeFeature,InteriorExteriorInterface,FinishInsulationLayer,WallMaterialSystem,SubstrateCladdingConstituent,PlanarWallPrimitive,JointSealDetail,MoistureThermalStatePoint,WallInspectionPoint,AtomicWallRegion,WALL,geometry,OM5_L5_EnvelopeSystem_FrontFacadeAssembly_FrontOpaqueWallComponent_SegmentedWallFeature_EntryDoorHeadLeaf,OM20_T0043_L20_AtomicWallRegion,
T0044,OM20_Building_001,EnvelopeSystem,LeftFacadeAssembly,LeftOpaqueWallComponent,FullHeightPierFeature,FrontEndPierLeaf,EnvelopePartFamily,WallAssembly,LayeredWallSubassembly,WallElement,PanelPierSubelement,OpeningEdgeFeature,InteriorExteriorInterface,FinishInsulationLayer,WallMaterialSystem,SubstrateCladdingConstituent,PlanarWallPrimitive,JointSealDetail,MoistureThermalStatePoint,WallInspectionPoint,AtomicWallRegion,WALL,geometry,OM5_L5_EnvelopeSystem_LeftFacadeAssembly_LeftOpaqueWallComponent_FullHeightPierFeature_FrontEndPierLeaf,OM20_T0044_L20_AtomicWallRegion,
T0045,OM20_Building_001,EnvelopeSystem,LeftFacadeAssembly,LeftOpaqueWallComponent,FullHeightPierFeature,MiddlePierLeaf,EnvelopePartFamily,WallAssembly,LayeredWallSubassembly,WallElement,PanelPierSubelement,OpeningEdgeFeature,InteriorExteriorInterface,FinishInsulationLayer,WallMaterialSystem,SubstrateCladdingConstituent,PlanarWallPrimitive,JointSealDetail,MoistureThermalStatePoint,WallInspectionPoint,AtomicWallRegion,WALL,geometry,OM5_L5_EnvelopeSystem_LeftFacadeAssembly_LeftOpaqueWallComponent_FullHeightPierFeature_MiddlePierLeaf,OM20_T0045_L20_AtomicWallRegion,
T0046,OM20_Building_001,EnvelopeSystem,LeftFacadeAssembly,LeftOpaqueWallComponent,FullHeightPierFeature,RearEndPierLeaf,EnvelopePartFamily,WallAssembly,LayeredWallSubassembly,WallElement,PanelPierSubelement,OpeningEdgeFeature,InteriorExteriorInterface,FinishInsulationLayer,WallMaterialSystem,SubstrateCladdingConstituent,PlanarWallPrimitive,JointSealDetail,MoistureThermalStatePoint,WallInspectionPoint,AtomicWallRegion,WALL,geometry,OM5_L5_EnvelopeSystem_LeftFacadeAssembly_LeftOpaqueWallComponent_FullHeightPierFeature_RearEndPierLeaf,OM20_T0046_L20_AtomicWallRegion,
T0047,OM20_Building_001,EnvelopeSystem,LeftFacadeAssembly,LeftOpaqueWallComponent,WindowSillFeature,FrontRibbonSillLeaf,EnvelopePartFamily,WallAssembly,LayeredWallSubassembly,WallElement,PanelPierSubelement,OpeningEdgeFeature,InteriorExteriorInterface,FinishInsulationLayer,WallMaterialSystem,SubstrateCladdingConstituent,PlanarWallPrimitive,JointSealDetail,MoistureThermalStatePoint,WallInspectionPoint,AtomicWallRegion,WALL,geometry,OM5_L5_EnvelopeSystem_LeftFacadeAssembly_LeftOpaqueWallComponent_WindowSillFeature_FrontRibbonSillLeaf,OM20_T0047_L20_AtomicWallRegion,
T0048,OM20_Building_001,EnvelopeSystem,LeftFacadeAssembly,LeftOpaqueWallComponent,WindowHeadFeature,FrontRibbonHeadLeaf,EnvelopePartFamily,WallAssembly,LayeredWallSubassembly,WallElement,PanelPierSubelement,OpeningEdgeFeature,InteriorExteriorInterface,FinishInsulationLayer,WallMaterialSystem,SubstrateCladdingConstituent,PlanarWallPrimitive,JointSealDetail,MoistureThermalStatePoint,WallInspectionPoint,AtomicWallRegion,WALL,geometry,OM5_L5_EnvelopeSystem_LeftFacadeAssembly_LeftOpaqueWallComponent_WindowHeadFeature_FrontRibbonHeadLeaf,OM20_T0048_L20_AtomicWallRegion,
T0049,OM20_Building_001,EnvelopeSystem,LeftFacadeAssembly,LeftOpaqueWallComponent,WindowSillFeature,RearRibbonSillLeaf,EnvelopePartFamily,WallAssembly,LayeredWallSubassembly,WallElement,PanelPierSubelement,OpeningEdgeFeature,InteriorExteriorInterface,FinishInsulationLayer,WallMaterialSystem,SubstrateCladdingConstituent,PlanarWallPrimitive,JointSealDetail,MoistureThermalStatePoint,WallInspectionPoint,AtomicWallRegion,WALL,geometry,OM5_L5_EnvelopeSystem_LeftFacadeAssembly_LeftOpaqueWallComponent_WindowSillFeature_RearRibbonSillLeaf,OM20_T0049_L20_AtomicWallRegion,
T0050,OM20_Building_001,EnvelopeSystem,LeftFacadeAssembly,LeftOpaqueWallComponent,WindowHeadFeature,RearRibbonHeadLeaf,EnvelopePartFamily,WallAssembly,LayeredWallSubassembly,WallElement,PanelPierSubelement,OpeningEdgeFeature,InteriorExteriorInterface,FinishInsulationLayer,WallMaterialSystem,SubstrateCladdingConstituent,PlanarWallPrimitive,JointSealDetail,MoistureThermalStatePoint,WallInspectionPoint,AtomicWallRegion,WALL,geometry,OM5_L5_EnvelopeSystem_LeftFacadeAssembly_LeftOpaqueWallComponent_WindowHeadFeature_RearRibbonHeadLeaf,OM20_T0050_L20_AtomicWallRegion,
T0051,OM20_Building_001,EnvelopeSystem,RightFacadeAssembly,RightOpaqueWallComponent,FullHeightPierFeature,FrontEndPierLeaf,EnvelopePartFamily,WallAssembly,LayeredWallSubassembly,WallElement,PanelPierSubelement,OpeningEdgeFeature,InteriorExteriorInterface,FinishInsulationLayer,WallMaterialSystem,SubstrateCladdingConstituent,PlanarWallPrimitive,JointSealDetail,MoistureThermalStatePoint,WallInspectionPoint,AtomicWallRegion,WALL,geometry,OM5_L5_EnvelopeSystem_RightFacadeAssembly_RightOpaqueWallComponent_FullHeightPierFeature_FrontEndPierLeaf,OM20_T0051_L20_AtomicWallRegion,
T0052,OM20_Building_001,EnvelopeSystem,RightFacadeAssembly,RightOpaqueWallComponent,FullHeightPierFeature,CentralPierLeaf,EnvelopePartFamily,WallAssembly,LayeredWallSubassembly,WallElement,PanelPierSubelement,OpeningEdgeFeature,InteriorExteriorInterface,FinishInsulationLayer,WallMaterialSystem,SubstrateCladdingConstituent,PlanarWallPrimitive,JointSealDetail,MoistureThermalStatePoint,WallInspectionPoint,AtomicWallRegion,WALL,geometry,OM5_L5_EnvelopeSystem_RightFacadeAssembly_RightOpaqueWallComponent_FullHeightPierFeature_CentralPierLeaf,OM20_T0052_L20_AtomicWallRegion,
T0053,OM20_Building_001,EnvelopeSystem,RightFacadeAssembly,RightOpaqueWallComponent,FullHeightPierFeature,RearEndPierLeaf,EnvelopePartFamily,WallAssembly,LayeredWallSubassembly,WallElement,PanelPierSubelement,OpeningEdgeFeature,InteriorExteriorInterface,FinishInsulationLayer,WallMaterialSystem,SubstrateCladdingConstituent,PlanarWallPrimitive,JointSealDetail,MoistureThermalStatePoint,WallInspectionPoint,AtomicWallRegion,WALL,geometry,OM5_L5_EnvelopeSystem_RightFacadeAssembly_RightOpaqueWallComponent_FullHeightPierFeature_RearEndPierLeaf,OM20_T0053_L20_AtomicWallRegion,
T0054,OM20_Building_001,EnvelopeSystem,RightFacadeAssembly,RightOpaqueWallComponent,WindowSillFeature,RightRibbonSillLeaf,EnvelopePartFamily,WallAssembly,LayeredWallSubassembly,WallElement,PanelPierSubelement,OpeningEdgeFeature,InteriorExteriorInterface,FinishInsulationLayer,WallMaterialSystem,SubstrateCladdingConstituent,PlanarWallPrimitive,JointSealDetail,MoistureThermalStatePoint,WallInspectionPoint,AtomicWallRegion,WALL,geometry,OM5_L5_EnvelopeSystem_RightFacadeAssembly_RightOpaqueWallComponent_WindowSillFeature_RightRibbonSillLeaf,OM20_T0054_L20_AtomicWallRegion,
T0055,OM20_Building_001,EnvelopeSystem,RightFacadeAssembly,RightOpaqueWallComponent,WindowHeadFeature,RightRibbonHeadLeaf,EnvelopePartFamily,WallAssembly,LayeredWallSubassembly,WallElement,PanelPierSubelement,OpeningEdgeFeature,InteriorExteriorInterface,FinishInsulationLayer,WallMaterialSystem,SubstrateCladdingConstituent,PlanarWallPrimitive,JointSealDetail,MoistureThermalStatePoint,WallInspectionPoint,AtomicWallRegion,WALL,geometry,OM5_L5_EnvelopeSystem_RightFacadeAssembly_RightOpaqueWallComponent_WindowHeadFeature_RightRibbonHeadLeaf,OM20_T0055_L20_AtomicWallRegion,
T0056,OM20_Building_001,EnvelopeSystem,RightFacadeAssembly,RightOpaqueWallComponent,ServiceDoorHeadFeature,ServiceDoorHeadLeaf,EnvelopePartFamily,WallAssembly,LayeredWallSubassembly,WallElement,PanelPierSubelement,OpeningEdgeFeature,InteriorExteriorInterface,FinishInsulationLayer,WallMaterialSystem,SubstrateCladdingConstituent,PlanarWallPrimitive,JointSealDetail,MoistureThermalStatePoint,WallInspectionPoint,AtomicWallRegion,WALL,geometry,OM5_L5_EnvelopeSystem_RightFacadeAssembly_RightOpaqueWallComponent_ServiceDoorHeadFeature_ServiceDoorHeadLeaf,OM20_T0056_L20_AtomicWallRegion,
T0057,OM20_Building_001,EnvelopeSystem,RearFacadeAssembly,LeftRearOpaqueComponent,FullHeightPierFeature,LeftWingLeftPierLeaf,EnvelopePartFamily,WallAssembly,LayeredWallSubassembly,WallElement,PanelPierSubelement,OpeningEdgeFeature,InteriorExteriorInterface,FinishInsulationLayer,WallMaterialSystem,SubstrateCladdingConstituent,PlanarWallPrimitive,JointSealDetail,MoistureThermalStatePoint,WallInspectionPoint,AtomicWallRegion,WALL,geometry,OM5_L5_EnvelopeSystem_RearFacadeAssembly_LeftRearOpaqueComponent_FullHeightPierFeature_LeftWingLeftPierLeaf,OM20_T0057_L20_AtomicWallRegion,
T0058,OM20_Building_001,EnvelopeSystem,RearFacadeAssembly,LeftRearOpaqueComponent,FullHeightPierFeature,LeftWingRightPierLeaf,EnvelopePartFamily,WallAssembly,LayeredWallSubassembly,WallElement,PanelPierSubelement,OpeningEdgeFeature,InteriorExteriorInterface,FinishInsulationLayer,WallMaterialSystem,SubstrateCladdingConstituent,PlanarWallPrimitive,JointSealDetail,MoistureThermalStatePoint,WallInspectionPoint,AtomicWallRegion,WALL,geometry,OM5_L5_EnvelopeSystem_RearFacadeAssembly_LeftRearOpaqueComponent_FullHeightPierFeature_LeftWingRightPierLeaf,OM20_T0058_L20_AtomicWallRegion,
T0059,OM20_Building_001,EnvelopeSystem,RearFacadeAssembly,LeftRearOpaqueComponent,WindowSillFeature,LeftRearWindowSillLeaf,EnvelopePartFamily,WallAssembly,LayeredWallSubassembly,WallElement,PanelPierSubelement,OpeningEdgeFeature,InteriorExteriorInterface,FinishInsulationLayer,WallMaterialSystem,SubstrateCladdingConstituent,PlanarWallPrimitive,JointSealDetail,MoistureThermalStatePoint,WallInspectionPoint,AtomicWallRegion,WALL,geometry,OM5_L5_EnvelopeSystem_RearFacadeAssembly_LeftRearOpaqueComponent_WindowSillFeature_LeftRearWindowSillLeaf,OM20_T0059_L20_AtomicWallRegion,
T0060,OM20_Building_001,EnvelopeSystem,RearFacadeAssembly,LeftRearOpaqueComponent,WindowHeadFeature,LeftRearWindowHeadLeaf,EnvelopePartFamily,WallAssembly,LayeredWallSubassembly,WallElement,PanelPierSubelement,OpeningEdgeFeature,InteriorExteriorInterface,FinishInsulationLayer,WallMaterialSystem,SubstrateCladdingConstituent,PlanarWallPrimitive,JointSealDetail,MoistureThermalStatePoint,WallInspectionPoint,AtomicWallRegion,WALL,geometry,OM5_L5_EnvelopeSystem_RearFacadeAssembly_LeftRearOpaqueComponent_WindowHeadFeature_LeftRearWindowHeadLeaf,OM20_T0060_L20_AtomicWallRegion,
T0061,OM20_Building_001,EnvelopeSystem,RearFacadeAssembly,RightRearOpaqueComponent,FullHeightPierFeature,RightWingLeftPierLeaf,EnvelopePartFamily,WallAssembly,LayeredWallSubassembly,WallElement,PanelPierSubelement,OpeningEdgeFeature,InteriorExteriorInterface,FinishInsulationLayer,WallMaterialSystem,SubstrateCladdingConstituent,PlanarWallPrimitive,JointSealDetail,MoistureThermalStatePoint,WallInspectionPoint,AtomicWallRegion,WALL,geometry,OM5_L5_EnvelopeSystem_RearFacadeAssembly_RightRearOpaqueComponent_FullHeightPierFeature_RightWingLeftPierLeaf,OM20_T0061_L20_AtomicWallRegion,
T0062,OM20_Building_001,EnvelopeSystem,RearFacadeAssembly,RightRearOpaqueComponent,FullHeightPierFeature,RightWingRightPierLeaf,EnvelopePartFamily,WallAssembly,LayeredWallSubassembly,WallElement,PanelPierSubelement,OpeningEdgeFeature,InteriorExteriorInterface,FinishInsulationLayer,WallMaterialSystem,SubstrateCladdingConstituent,PlanarWallPrimitive,JointSealDetail,MoistureThermalStatePoint,WallInspectionPoint,AtomicWallRegion,WALL,geometry,OM5_L5_EnvelopeSystem_RearFacadeAssembly_RightRearOpaqueComponent_FullHeightPierFeature_RightWingRightPierLeaf,OM20_T0062_L20_AtomicWallRegion,
T0063,OM20_Building_001,EnvelopeSystem,RearFacadeAssembly,RightRearOpaqueComponent,WindowSillFeature,RightRearWindowSillLeaf,EnvelopePartFamily,WallAssembly,LayeredWallSubassembly,WallElement,PanelPierSubelement,OpeningEdgeFeature,InteriorExteriorInterface,FinishInsulationLayer,WallMaterialSystem,SubstrateCladdingConstituent,PlanarWallPrimitive,JointSealDetail,MoistureThermalStatePoint,WallInspectionPoint,AtomicWallRegion,WALL,geometry,OM5_L5_EnvelopeSystem_RearFacadeAssembly_RightRearOpaqueComponent_WindowSillFeature_RightRearWindowSillLeaf,OM20_T0063_L20_AtomicWallRegion,
T0064,OM20_Building_001,EnvelopeSystem,RearFacadeAssembly,RightRearOpaqueComponent,WindowHeadFeature,RightRearWindowHeadLeaf,EnvelopePartFamily,WallAssembly,LayeredWallSubassembly,WallElement,PanelPierSubelement,OpeningEdgeFeature,InteriorExteriorInterface,FinishInsulationLayer,WallMaterialSystem,SubstrateCladdingConstituent,PlanarWallPrimitive,JointSealDetail,MoistureThermalStatePoint,WallInspectionPoint,AtomicWallRegion,WALL,geometry,OM5_L5_EnvelopeSystem_RearFacadeAssembly_RightRearOpaqueComponent_WindowHeadFeature_RightRearWindowHeadLeaf,OM20_T0064_L20_AtomicWallRegion,
T0065,OM20_Building_001,EnvelopeSystem,CourtyardFacadeAssembly,FrontCourtyardWallComponent,LeftPierFeature,FrontCourtyardLeftPierLeaf,EnvelopePartFamily,WallAssembly,LayeredWallSubassembly,WallElement,PanelPierSubelement,OpeningEdgeFeature,InteriorExteriorInterface,FinishInsulationLayer,WallMaterialSystem,SubstrateCladdingConstituent,PlanarWallPrimitive,JointSealDetail,MoistureThermalStatePoint,WallInspectionPoint,AtomicWallRegion,WALL,geometry,OM5_L5_EnvelopeSystem_CourtyardFacadeAssembly_FrontCourtyardWallComponent_LeftPierFeature_FrontCourtyardLeftPierLeaf,OM20_T0065_L20_AtomicWallRegion,
T0066,OM20_Building_001,EnvelopeSystem,CourtyardFacadeAssembly,FrontCourtyardWallComponent,RightPierFeature,FrontCourtyardRightPierLeaf,EnvelopePartFamily,WallAssembly,LayeredWallSubassembly,WallElement,PanelPierSubelement,OpeningEdgeFeature,InteriorExteriorInterface,FinishInsulationLayer,WallMaterialSystem,SubstrateCladdingConstituent,PlanarWallPrimitive,JointSealDetail,MoistureThermalStatePoint,WallInspectionPoint,AtomicWallRegion,WALL,geometry,OM5_L5_EnvelopeSystem_CourtyardFacadeAssembly_FrontCourtyardWallComponent_RightPierFeature_FrontCourtyardRightPierLeaf,OM20_T0066_L20_AtomicWallRegion,
T0067,OM20_Building_001,EnvelopeSystem,CourtyardFacadeAssembly,FrontCourtyardWallComponent,DoorHeadFeature,FrontCourtyardDoorHeadLeaf,EnvelopePartFamily,WallAssembly,LayeredWallSubassembly,WallElement,PanelPierSubelement,OpeningEdgeFeature,InteriorExteriorInterface,FinishInsulationLayer,WallMaterialSystem,SubstrateCladdingConstituent,PlanarWallPrimitive,JointSealDetail,MoistureThermalStatePoint,WallInspectionPoint,AtomicWallRegion,WALL,geometry,OM5_L5_EnvelopeSystem_CourtyardFacadeAssembly_FrontCourtyardWallComponent_DoorHeadFeature_FrontCourtyardDoorHeadLeaf,OM20_T0067_L20_AtomicWallRegion,
T0068,OM20_Building_001,EnvelopeSystem,CourtyardFacadeAssembly,LeftCourtyardWallComponent,FrontPierFeature,LeftCourtyardFrontPierLeaf,EnvelopePartFamily,WallAssembly,LayeredWallSubassembly,WallElement,PanelPierSubelement,OpeningEdgeFeature,InteriorExteriorInterface,FinishInsulationLayer,WallMaterialSystem,SubstrateCladdingConstituent,PlanarWallPrimitive,JointSealDetail,MoistureThermalStatePoint,WallInspectionPoint,AtomicWallRegion,WALL,geometry,OM5_L5_EnvelopeSystem_CourtyardFacadeAssembly_LeftCourtyardWallComponent_FrontPierFeature_LeftCourtyardFrontPierLeaf,OM20_T0068_L20_AtomicWallRegion,
T0069,OM20_Building_001,EnvelopeSystem,CourtyardFacadeAssembly,LeftCourtyardWallComponent,RearPierFeature,LeftCourtyardRearPierLeaf,EnvelopePartFamily,WallAssembly,LayeredWallSubassembly,WallElement,PanelPierSubelement,OpeningEdgeFeature,InteriorExteriorInterface,FinishInsulationLayer,WallMaterialSystem,SubstrateCladdingConstituent,PlanarWallPrimitive,JointSealDetail,MoistureThermalStatePoint,WallInspectionPoint,AtomicWallRegion,WALL,geometry,OM5_L5_EnvelopeSystem_CourtyardFacadeAssembly_LeftCourtyardWallComponent_RearPierFeature_LeftCourtyardRearPierLeaf,OM20_T0069_L20_AtomicWallRegion,
T0070,OM20_Building_001,EnvelopeSystem,CourtyardFacadeAssembly,LeftCourtyardWallComponent,OpeningHeadFeature,LeftCourtyardOpeningHeadLeaf,EnvelopePartFamily,WallAssembly,LayeredWallSubassembly,WallElement,PanelPierSubelement,OpeningEdgeFeature,InteriorExteriorInterface,FinishInsulationLayer,WallMaterialSystem,SubstrateCladdingConstituent,PlanarWallPrimitive,JointSealDetail,MoistureThermalStatePoint,WallInspectionPoint,AtomicWallRegion,WALL,geometry,OM5_L5_EnvelopeSystem_CourtyardFacadeAssembly_LeftCourtyardWallComponent_OpeningHeadFeature_LeftCourtyardOpeningHeadLeaf,OM20_T0070_L20_AtomicWallRegion,
T0071,OM20_Building_001,EnvelopeSystem,CourtyardFacadeAssembly,RightCourtyardWallComponent,FrontPierFeature,RightCourtyardFrontPierLeaf,EnvelopePartFamily,WallAssembly,LayeredWallSubassembly,WallElement,PanelPierSubelement,OpeningEdgeFeature,InteriorExteriorInterface,FinishInsulationLayer,WallMaterialSystem,SubstrateCladdingConstituent,PlanarWallPrimitive,JointSealDetail,MoistureThermalStatePoint,WallInspectionPoint,AtomicWallRegion,WALL,geometry,OM5_L5_EnvelopeSystem_CourtyardFacadeAssembly_RightCourtyardWallComponent_FrontPierFeature_RightCourtyardFrontPierLeaf,OM20_T0071_L20_AtomicWallRegion,
T0072,OM20_Building_001,EnvelopeSystem,CourtyardFacadeAssembly,RightCourtyardWallComponent,RearPierFeature,RightCourtyardRearPierLeaf,EnvelopePartFamily,WallAssembly,LayeredWallSubassembly,WallElement,PanelPierSubelement,OpeningEdgeFeature,InteriorExteriorInterface,FinishInsulationLayer,WallMaterialSystem,SubstrateCladdingConstituent,PlanarWallPrimitive,JointSealDetail,MoistureThermalStatePoint,WallInspectionPoint,AtomicWallRegion,WALL,geometry,OM5_L5_EnvelopeSystem_CourtyardFacadeAssembly_RightCourtyardWallComponent_RearPierFeature_RightCourtyardRearPierLeaf,OM20_T0072_L20_AtomicWallRegion,
T0073,OM20_Building_001,EnvelopeSystem,CourtyardFacadeAssembly,RightCourtyardWallComponent,OpeningHeadFeature,RightCourtyardOpeningHeadLeaf,EnvelopePartFamily,WallAssembly,LayeredWallSubassembly,WallElement,PanelPierSubelement,OpeningEdgeFeature,InteriorExteriorInterface,FinishInsulationLayer,WallMaterialSystem,SubstrateCladdingConstituent,PlanarWallPrimitive,JointSealDetail,MoistureThermalStatePoint,WallInspectionPoint,AtomicWallRegion,WALL,geometry,OM5_L5_EnvelopeSystem_CourtyardFacadeAssembly_RightCourtyardWallComponent_OpeningHeadFeature_RightCourtyardOpeningHeadLeaf,OM20_T0073_L20_AtomicWallRegion,
T0074,OM20_Building_001,EnvelopeSystem,FacadeDetailAssembly,LeftFrontFinComponent,VerticalBladeFeature,LeftFrontFinLeaf,ShadingPartFamily,FacadeFinAssembly,BladeSupportSubassembly,FinElement,BladeSubelement,LeadingEdgeFeature,FacadeMountInterface,ProtectiveFinishLayer,FinMaterialSystem,AlloyCoatingConstituent,BladeSolidPrimitive,BracketJointDetail,DeflectionSolarStatePoint,FinInspectionPoint,AtomicFinRegion,FACADE_FIN,geometry,OM5_L5_EnvelopeSystem_FacadeDetailAssembly_LeftFrontFinComponent_VerticalBladeFeature_LeftFrontFinLeaf,OM20_T0074_L20_AtomicFinRegion,
T0075,OM20_Building_001,EnvelopeSystem,FacadeDetailAssembly,RightFrontFinComponent,VerticalBladeFeature,RightFrontFinLeaf,ShadingPartFamily,FacadeFinAssembly,BladeSupportSubassembly,FinElement,BladeSubelement,LeadingEdgeFeature,FacadeMountInterface,ProtectiveFinishLayer,FinMaterialSystem,AlloyCoatingConstituent,BladeSolidPrimitive,BracketJointDetail,DeflectionSolarStatePoint,FinInspectionPoint,AtomicFinRegion,FACADE_FIN,geometry,OM5_L5_EnvelopeSystem_FacadeDetailAssembly_RightFrontFinComponent_VerticalBladeFeature_RightFrontFinLeaf,OM20_T0075_L20_AtomicFinRegion,
T0076,OM20_Building_001,EnvelopeSystem,FacadeDetailAssembly,FrontBaseBandComponent,HorizontalBandFeature,FrontBaseBandLeaf,FacadeDetailPartFamily,BandTrimAssembly,ProfileSubassembly,TrimElement,ProfileSubelement,EdgeReturnFeature,WallMountInterface,FinishLayer,TrimMaterialSystem,AlloyCoatingConstituent,LinearProfilePrimitive,JointSealDetail,AlignmentWeatherStatePoint,TrimInspectionPoint,AtomicTrimRegion,FACADE_TRIM,geometry,OM5_L5_EnvelopeSystem_FacadeDetailAssembly_FrontBaseBandComponent_HorizontalBandFeature_FrontBaseBandLeaf,OM20_T0076_L20_AtomicTrimRegion,
T0077,OM20_Building_001,EnvelopeSystem,FacadeDetailAssembly,FrontRoofBandComponent,HorizontalBandFeature,FrontRoofBandLeaf,FacadeDetailPartFamily,BandTrimAssembly,ProfileSubassembly,TrimElement,ProfileSubelement,EdgeReturnFeature,WallMountInterface,FinishLayer,TrimMaterialSystem,AlloyCoatingConstituent,LinearProfilePrimitive,JointSealDetail,AlignmentWeatherStatePoint,TrimInspectionPoint,AtomicTrimRegion,FACADE_TRIM,geometry,OM5_L5_EnvelopeSystem_FacadeDetailAssembly_FrontRoofBandComponent_HorizontalBandFeature_FrontRoofBandLeaf,OM20_T0077_L20_AtomicTrimRegion,
T0078,OM20_Building_001,OpeningSystem,FrontWindowAssembly,LeftFrontWindowComponent,GlazingFeature,GlassPaneLeaf,FenestrationPartFamily,GlazingAssembly,PaneFrameSubassembly,GlazingElement,PaneSubelement,EdgeFeature,SealInterface,CoatingInterlayer,GlassMaterialSystem,GlassFilmConstituent,OpticalPanePrimitive,BondEdgeDetail,OpticalThermalStatePoint,GlazingInspectionPoint,AtomicGlazingRegion,GLAZING,geometry,OM5_L5_OpeningSystem_FrontWindowAssembly_LeftFrontWindowComponent_GlazingFeature_GlassPaneLeaf,OM20_T0078_L20_AtomicGlazingRegion,
T0079,OM20_Building_001,OpeningSystem,FrontWindowAssembly,LeftFrontWindowComponent,FrameFeature,LeftJambLeaf,OpeningFramePartFamily,FrameAssembly,JambSillHeadSubassembly,FrameMemberElement,ProfileSubelement,RebateEdgeFeature,GlazingWallInterface,ThermalBreakFinishLayer,FrameMaterialSystem,AlloyPolymerConstituent,ExtrudedProfilePrimitive,CornerFixingDetail,AlignmentOperationStatePoint,FrameInspectionPoint,AtomicFrameRegion,FRAME,geometry,OM5_L5_OpeningSystem_FrontWindowAssembly_LeftFrontWindowComponent_FrameFeature_LeftJambLeaf,OM20_T0079_L20_AtomicFrameRegion,
T0080,OM20_Building_001,OpeningSystem,FrontWindowAssembly,LeftFrontWindowComponent,FrameFeature,RightJambLeaf,OpeningFramePartFamily,FrameAssembly,JambSillHeadSubassembly,FrameMemberElement,ProfileSubelement,RebateEdgeFeature,GlazingWallInterface,ThermalBreakFinishLayer,FrameMaterialSystem,AlloyPolymerConstituent,ExtrudedProfilePrimitive,CornerFixingDetail,AlignmentOperationStatePoint,FrameInspectionPoint,AtomicFrameRegion,FRAME,geometry,OM5_L5_OpeningSystem_FrontWindowAssembly_LeftFrontWindowComponent_FrameFeature_RightJambLeaf,OM20_T0080_L20_AtomicFrameRegion,
T0081,OM20_Building_001,OpeningSystem,FrontWindowAssembly,LeftFrontWindowComponent,FrameFeature,SillFrameLeaf,OpeningFramePartFamily,FrameAssembly,JambSillHeadSubassembly,FrameMemberElement,ProfileSubelement,RebateEdgeFeature,GlazingWallInterface,ThermalBreakFinishLayer,FrameMaterialSystem,AlloyPolymerConstituent,ExtrudedProfilePrimitive,CornerFixingDetail,AlignmentOperationStatePoint,FrameInspectionPoint,AtomicFrameRegion,FRAME,geometry,OM5_L5_OpeningSystem_FrontWindowAssembly_LeftFrontWindowComponent_FrameFeature_SillFrameLeaf,OM20_T0081_L20_AtomicFrameRegion,
T0082,OM20_Building_001,OpeningSystem,FrontWindowAssembly,LeftFrontWindowComponent,FrameFeature,HeadFrameLeaf,OpeningFramePartFamily,FrameAssembly,JambSillHeadSubassembly,FrameMemberElement,ProfileSubelement,RebateEdgeFeature,GlazingWallInterface,ThermalBreakFinishLayer,FrameMaterialSystem,AlloyPolymerConstituent,ExtrudedProfilePrimitive,CornerFixingDetail,AlignmentOperationStatePoint,FrameInspectionPoint,AtomicFrameRegion,FRAME,geometry,OM5_L5_OpeningSystem_FrontWindowAssembly_LeftFrontWindowComponent_FrameFeature_HeadFrameLeaf,OM20_T0082_L20_AtomicFrameRegion,
T0083,OM20_Building_001,OpeningSystem,FrontWindowAssembly,LeftFrontWindowComponent,MullionFeature,CenterMullionLeaf,OpeningFramePartFamily,FrameAssembly,JambSillHeadSubassembly,FrameMemberElement,ProfileSubelement,RebateEdgeFeature,GlazingWallInterface,ThermalBreakFinishLayer,FrameMaterialSystem,AlloyPolymerConstituent,ExtrudedProfilePrimitive,CornerFixingDetail,AlignmentOperationStatePoint,FrameInspectionPoint,AtomicFrameRegion,FRAME,geometry,OM5_L5_OpeningSystem_FrontWindowAssembly_LeftFrontWindowComponent_MullionFeature_CenterMullionLeaf,OM20_T0083_L20_AtomicFrameRegion,
T0084,OM20_Building_001,OpeningSystem,FrontWindowAssembly,RightFrontWindowComponent,GlazingFeature,GlassPaneLeaf,FenestrationPartFamily,GlazingAssembly,PaneFrameSubassembly,GlazingElement,PaneSubelement,EdgeFeature,SealInterface,CoatingInterlayer,GlassMaterialSystem,GlassFilmConstituent,OpticalPanePrimitive,BondEdgeDetail,OpticalThermalStatePoint,GlazingInspectionPoint,AtomicGlazingRegion,GLAZING,geometry,OM5_L5_OpeningSystem_FrontWindowAssembly_RightFrontWindowComponent_GlazingFeature_GlassPaneLeaf,OM20_T0084_L20_AtomicGlazingRegion,
T0085,OM20_Building_001,OpeningSystem,FrontWindowAssembly,RightFrontWindowComponent,FrameFeature,LeftJambLeaf,OpeningFramePartFamily,FrameAssembly,JambSillHeadSubassembly,FrameMemberElement,ProfileSubelement,RebateEdgeFeature,GlazingWallInterface,ThermalBreakFinishLayer,FrameMaterialSystem,AlloyPolymerConstituent,ExtrudedProfilePrimitive,CornerFixingDetail,AlignmentOperationStatePoint,FrameInspectionPoint,AtomicFrameRegion,FRAME,geometry,OM5_L5_OpeningSystem_FrontWindowAssembly_RightFrontWindowComponent_FrameFeature_LeftJambLeaf,OM20_T0085_L20_AtomicFrameRegion,
T0086,OM20_Building_001,OpeningSystem,FrontWindowAssembly,RightFrontWindowComponent,FrameFeature,RightJambLeaf,OpeningFramePartFamily,FrameAssembly,JambSillHeadSubassembly,FrameMemberElement,ProfileSubelement,RebateEdgeFeature,GlazingWallInterface,ThermalBreakFinishLayer,FrameMaterialSystem,AlloyPolymerConstituent,ExtrudedProfilePrimitive,CornerFixingDetail,AlignmentOperationStatePoint,FrameInspectionPoint,AtomicFrameRegion,FRAME,geometry,OM5_L5_OpeningSystem_FrontWindowAssembly_RightFrontWindowComponent_FrameFeature_RightJambLeaf,OM20_T0086_L20_AtomicFrameRegion,
T0087,OM20_Building_001,OpeningSystem,FrontWindowAssembly,RightFrontWindowComponent,FrameFeature,SillFrameLeaf,OpeningFramePartFamily,FrameAssembly,JambSillHeadSubassembly,FrameMemberElement,ProfileSubelement,RebateEdgeFeature,GlazingWallInterface,ThermalBreakFinishLayer,FrameMaterialSystem,AlloyPolymerConstituent,ExtrudedProfilePrimitive,CornerFixingDetail,AlignmentOperationStatePoint,FrameInspectionPoint,AtomicFrameRegion,FRAME,geometry,OM5_L5_OpeningSystem_FrontWindowAssembly_RightFrontWindowComponent_FrameFeature_SillFrameLeaf,OM20_T0087_L20_AtomicFrameRegion,
T0088,OM20_Building_001,OpeningSystem,FrontWindowAssembly,RightFrontWindowComponent,FrameFeature,HeadFrameLeaf,OpeningFramePartFamily,FrameAssembly,JambSillHeadSubassembly,FrameMemberElement,ProfileSubelement,RebateEdgeFeature,GlazingWallInterface,ThermalBreakFinishLayer,FrameMaterialSystem,AlloyPolymerConstituent,ExtrudedProfilePrimitive,CornerFixingDetail,AlignmentOperationStatePoint,FrameInspectionPoint,AtomicFrameRegion,FRAME,geometry,OM5_L5_OpeningSystem_FrontWindowAssembly_RightFrontWindowComponent_FrameFeature_HeadFrameLeaf,OM20_T0088_L20_AtomicFrameRegion,
T0089,OM20_Building_001,OpeningSystem,FrontWindowAssembly,RightFrontWindowComponent,MullionFeature,CenterMullionLeaf,OpeningFramePartFamily,FrameAssembly,JambSillHeadSubassembly,FrameMemberElement,ProfileSubelement,RebateEdgeFeature,GlazingWallInterface,ThermalBreakFinishLayer,FrameMaterialSystem,AlloyPolymerConstituent,ExtrudedProfilePrimitive,CornerFixingDetail,AlignmentOperationStatePoint,FrameInspectionPoint,AtomicFrameRegion,FRAME,geometry,OM5_L5_OpeningSystem_FrontWindowAssembly_RightFrontWindowComponent_MullionFeature_CenterMullionLeaf,OM20_T0089_L20_AtomicFrameRegion,
T0090,OM20_Building_001,OpeningSystem,RearWindowAssembly,LeftRearWindowComponent,GlazingFeature,GlassPaneLeaf,FenestrationPartFamily,GlazingAssembly,PaneFrameSubassembly,GlazingElement,PaneSubelement,EdgeFeature,SealInterface,CoatingInterlayer,GlassMaterialSystem,GlassFilmConstituent,OpticalPanePrimitive,BondEdgeDetail,OpticalThermalStatePoint,GlazingInspectionPoint,AtomicGlazingRegion,GLAZING,geometry,OM5_L5_OpeningSystem_RearWindowAssembly_LeftRearWindowComponent_GlazingFeature_GlassPaneLeaf,OM20_T0090_L20_AtomicGlazingRegion,
T0091,OM20_Building_001,OpeningSystem,RearWindowAssembly,LeftRearWindowComponent,FrameFeature,LeftJambLeaf,OpeningFramePartFamily,FrameAssembly,JambSillHeadSubassembly,FrameMemberElement,ProfileSubelement,RebateEdgeFeature,GlazingWallInterface,ThermalBreakFinishLayer,FrameMaterialSystem,AlloyPolymerConstituent,ExtrudedProfilePrimitive,CornerFixingDetail,AlignmentOperationStatePoint,FrameInspectionPoint,AtomicFrameRegion,FRAME,geometry,OM5_L5_OpeningSystem_RearWindowAssembly_LeftRearWindowComponent_FrameFeature_LeftJambLeaf,OM20_T0091_L20_AtomicFrameRegion,
T0092,OM20_Building_001,OpeningSystem,RearWindowAssembly,LeftRearWindowComponent,FrameFeature,RightJambLeaf,OpeningFramePartFamily,FrameAssembly,JambSillHeadSubassembly,FrameMemberElement,ProfileSubelement,RebateEdgeFeature,GlazingWallInterface,ThermalBreakFinishLayer,FrameMaterialSystem,AlloyPolymerConstituent,ExtrudedProfilePrimitive,CornerFixingDetail,AlignmentOperationStatePoint,FrameInspectionPoint,AtomicFrameRegion,FRAME,geometry,OM5_L5_OpeningSystem_RearWindowAssembly_LeftRearWindowComponent_FrameFeature_RightJambLeaf,OM20_T0092_L20_AtomicFrameRegion,
T0093,OM20_Building_001,OpeningSystem,RearWindowAssembly,LeftRearWindowComponent,FrameFeature,SillFrameLeaf,OpeningFramePartFamily,FrameAssembly,JambSillHeadSubassembly,FrameMemberElement,ProfileSubelement,RebateEdgeFeature,GlazingWallInterface,ThermalBreakFinishLayer,FrameMaterialSystem,AlloyPolymerConstituent,ExtrudedProfilePrimitive,CornerFixingDetail,AlignmentOperationStatePoint,FrameInspectionPoint,AtomicFrameRegion,FRAME,geometry,OM5_L5_OpeningSystem_RearWindowAssembly_LeftRearWindowComponent_FrameFeature_SillFrameLeaf,OM20_T0093_L20_AtomicFrameRegion,
T0094,OM20_Building_001,OpeningSystem,RearWindowAssembly,LeftRearWindowComponent,FrameFeature,HeadFrameLeaf,OpeningFramePartFamily,FrameAssembly,JambSillHeadSubassembly,FrameMemberElement,ProfileSubelement,RebateEdgeFeature,GlazingWallInterface,ThermalBreakFinishLayer,FrameMaterialSystem,AlloyPolymerConstituent,ExtrudedProfilePrimitive,CornerFixingDetail,AlignmentOperationStatePoint,FrameInspectionPoint,AtomicFrameRegion,FRAME,geometry,OM5_L5_OpeningSystem_RearWindowAssembly_LeftRearWindowComponent_FrameFeature_HeadFrameLeaf,OM20_T0094_L20_AtomicFrameRegion,
T0095,OM20_Building_001,OpeningSystem,RearWindowAssembly,LeftRearWindowComponent,MullionFeature,CenterMullionLeaf,OpeningFramePartFamily,FrameAssembly,JambSillHeadSubassembly,FrameMemberElement,ProfileSubelement,RebateEdgeFeature,GlazingWallInterface,ThermalBreakFinishLayer,FrameMaterialSystem,AlloyPolymerConstituent,ExtrudedProfilePrimitive,CornerFixingDetail,AlignmentOperationStatePoint,FrameInspectionPoint,AtomicFrameRegion,FRAME,geometry,OM5_L5_OpeningSystem_RearWindowAssembly_LeftRearWindowComponent_MullionFeature_CenterMullionLeaf,OM20_T0095_L20_AtomicFrameRegion,
T0096,OM20_Building_001,OpeningSystem,RearWindowAssembly,RightRearWindowComponent,GlazingFeature,GlassPaneLeaf,FenestrationPartFamily,GlazingAssembly,PaneFrameSubassembly,GlazingElement,PaneSubelement,EdgeFeature,SealInterface,CoatingInterlayer,GlassMaterialSystem,GlassFilmConstituent,OpticalPanePrimitive,BondEdgeDetail,OpticalThermalStatePoint,GlazingInspectionPoint,AtomicGlazingRegion,GLAZING,geometry,OM5_L5_OpeningSystem_RearWindowAssembly_RightRearWindowComponent_GlazingFeature_GlassPaneLeaf,OM20_T0096_L20_AtomicGlazingRegion,
T0097,OM20_Building_001,OpeningSystem,RearWindowAssembly,RightRearWindowComponent,FrameFeature,LeftJambLeaf,OpeningFramePartFamily,FrameAssembly,JambSillHeadSubassembly,FrameMemberElement,ProfileSubelement,RebateEdgeFeature,GlazingWallInterface,ThermalBreakFinishLayer,FrameMaterialSystem,AlloyPolymerConstituent,ExtrudedProfilePrimitive,CornerFixingDetail,AlignmentOperationStatePoint,FrameInspectionPoint,AtomicFrameRegion,FRAME,geometry,OM5_L5_OpeningSystem_RearWindowAssembly_RightRearWindowComponent_FrameFeature_LeftJambLeaf,OM20_T0097_L20_AtomicFrameRegion,
T0098,OM20_Building_001,OpeningSystem,RearWindowAssembly,RightRearWindowComponent,FrameFeature,RightJambLeaf,OpeningFramePartFamily,FrameAssembly,JambSillHeadSubassembly,FrameMemberElement,ProfileSubelement,RebateEdgeFeature,GlazingWallInterface,ThermalBreakFinishLayer,FrameMaterialSystem,AlloyPolymerConstituent,ExtrudedProfilePrimitive,CornerFixingDetail,AlignmentOperationStatePoint,FrameInspectionPoint,AtomicFrameRegion,FRAME,geometry,OM5_L5_OpeningSystem_RearWindowAssembly_RightRearWindowComponent_FrameFeature_RightJambLeaf,OM20_T0098_L20_AtomicFrameRegion,
T0099,OM20_Building_001,OpeningSystem,RearWindowAssembly,RightRearWindowComponent,FrameFeature,SillFrameLeaf,OpeningFramePartFamily,FrameAssembly,JambSillHeadSubassembly,FrameMemberElement,ProfileSubelement,RebateEdgeFeature,GlazingWallInterface,ThermalBreakFinishLayer,FrameMaterialSystem,AlloyPolymerConstituent,ExtrudedProfilePrimitive,CornerFixingDetail,AlignmentOperationStatePoint,FrameInspectionPoint,AtomicFrameRegion,FRAME,geometry,OM5_L5_OpeningSystem_RearWindowAssembly_RightRearWindowComponent_FrameFeature_SillFrameLeaf,OM20_T0099_L20_AtomicFrameRegion,
T0100,OM20_Building_001,OpeningSystem,RearWindowAssembly,RightRearWindowComponent,FrameFeature,HeadFrameLeaf,OpeningFramePartFamily,FrameAssembly,JambSillHeadSubassembly,FrameMemberElement,ProfileSubelement,RebateEdgeFeature,GlazingWallInterface,ThermalBreakFinishLayer,FrameMaterialSystem,AlloyPolymerConstituent,ExtrudedProfilePrimitive,CornerFixingDetail,AlignmentOperationStatePoint,FrameInspectionPoint,AtomicFrameRegion,FRAME,geometry,OM5_L5_OpeningSystem_RearWindowAssembly_RightRearWindowComponent_FrameFeature_HeadFrameLeaf,OM20_T0100_L20_AtomicFrameRegion,
T0101,OM20_Building_001,OpeningSystem,RearWindowAssembly,RightRearWindowComponent,MullionFeature,CenterMullionLeaf,OpeningFramePartFamily,FrameAssembly,JambSillHeadSubassembly,FrameMemberElement,ProfileSubelement,RebateEdgeFeature,GlazingWallInterface,ThermalBreakFinishLayer,FrameMaterialSystem,AlloyPolymerConstituent,ExtrudedProfilePrimitive,CornerFixingDetail,AlignmentOperationStatePoint,FrameInspectionPoint,AtomicFrameRegion,FRAME,geometry,OM5_L5_OpeningSystem_RearWindowAssembly_RightRearWindowComponent_MullionFeature_CenterMullionLeaf,OM20_T0101_L20_AtomicFrameRegion,
T0102,OM20_Building_001,OpeningSystem,SideWindowAssembly,LeftFrontRibbonWindowComponent,GlazingFeature,GlassPaneLeaf,FenestrationPartFamily,GlazingAssembly,PaneFrameSubassembly,GlazingElement,PaneSubelement,EdgeFeature,SealInterface,CoatingInterlayer,GlassMaterialSystem,GlassFilmConstituent,OpticalPanePrimitive,BondEdgeDetail,OpticalThermalStatePoint,GlazingInspectionPoint,AtomicGlazingRegion,GLAZING,geometry,OM5_L5_OpeningSystem_SideWindowAssembly_LeftFrontRibbonWindowComponent_GlazingFeature_GlassPaneLeaf,OM20_T0102_L20_AtomicGlazingRegion,
T0103,OM20_Building_001,OpeningSystem,SideWindowAssembly,LeftFrontRibbonWindowComponent,FrameFeature,FrontJambLeaf,OpeningFramePartFamily,FrameAssembly,JambSillHeadSubassembly,FrameMemberElement,ProfileSubelement,RebateEdgeFeature,GlazingWallInterface,ThermalBreakFinishLayer,FrameMaterialSystem,AlloyPolymerConstituent,ExtrudedProfilePrimitive,CornerFixingDetail,AlignmentOperationStatePoint,FrameInspectionPoint,AtomicFrameRegion,FRAME,geometry,OM5_L5_OpeningSystem_SideWindowAssembly_LeftFrontRibbonWindowComponent_FrameFeature_FrontJambLeaf,OM20_T0103_L20_AtomicFrameRegion,
T0104,OM20_Building_001,OpeningSystem,SideWindowAssembly,LeftFrontRibbonWindowComponent,FrameFeature,RearJambLeaf,OpeningFramePartFamily,FrameAssembly,JambSillHeadSubassembly,FrameMemberElement,ProfileSubelement,RebateEdgeFeature,GlazingWallInterface,ThermalBreakFinishLayer,FrameMaterialSystem,AlloyPolymerConstituent,ExtrudedProfilePrimitive,CornerFixingDetail,AlignmentOperationStatePoint,FrameInspectionPoint,AtomicFrameRegion,FRAME,geometry,OM5_L5_OpeningSystem_SideWindowAssembly_LeftFrontRibbonWindowComponent_FrameFeature_RearJambLeaf,OM20_T0104_L20_AtomicFrameRegion,
T0105,OM20_Building_001,OpeningSystem,SideWindowAssembly,LeftFrontRibbonWindowComponent,FrameFeature,SillFrameLeaf,OpeningFramePartFamily,FrameAssembly,JambSillHeadSubassembly,FrameMemberElement,ProfileSubelement,RebateEdgeFeature,GlazingWallInterface,ThermalBreakFinishLayer,FrameMaterialSystem,AlloyPolymerConstituent,ExtrudedProfilePrimitive,CornerFixingDetail,AlignmentOperationStatePoint,FrameInspectionPoint,AtomicFrameRegion,FRAME,geometry,OM5_L5_OpeningSystem_SideWindowAssembly_LeftFrontRibbonWindowComponent_FrameFeature_SillFrameLeaf,OM20_T0105_L20_AtomicFrameRegion,
T0106,OM20_Building_001,OpeningSystem,SideWindowAssembly,LeftFrontRibbonWindowComponent,FrameFeature,HeadFrameLeaf,OpeningFramePartFamily,FrameAssembly,JambSillHeadSubassembly,FrameMemberElement,ProfileSubelement,RebateEdgeFeature,GlazingWallInterface,ThermalBreakFinishLayer,FrameMaterialSystem,AlloyPolymerConstituent,ExtrudedProfilePrimitive,CornerFixingDetail,AlignmentOperationStatePoint,FrameInspectionPoint,AtomicFrameRegion,FRAME,geometry,OM5_L5_OpeningSystem_SideWindowAssembly_LeftFrontRibbonWindowComponent_FrameFeature_HeadFrameLeaf,OM20_T0106_L20_AtomicFrameRegion,
T0107,OM20_Building_001,OpeningSystem,SideWindowAssembly,LeftFrontRibbonWindowComponent,MullionFeature,CenterMullionLeaf,OpeningFramePartFamily,FrameAssembly,JambSillHeadSubassembly,FrameMemberElement,ProfileSubelement,RebateEdgeFeature,GlazingWallInterface,ThermalBreakFinishLayer,FrameMaterialSystem,AlloyPolymerConstituent,ExtrudedProfilePrimitive,CornerFixingDetail,AlignmentOperationStatePoint,FrameInspectionPoint,AtomicFrameRegion,FRAME,geometry,OM5_L5_OpeningSystem_SideWindowAssembly_LeftFrontRibbonWindowComponent_MullionFeature_CenterMullionLeaf,OM20_T0107_L20_AtomicFrameRegion,
T0108,OM20_Building_001,OpeningSystem,SideWindowAssembly,LeftRearRibbonWindowComponent,GlazingFeature,GlassPaneLeaf,FenestrationPartFamily,GlazingAssembly,PaneFrameSubassembly,GlazingElement,PaneSubelement,EdgeFeature,SealInterface,CoatingInterlayer,GlassMaterialSystem,GlassFilmConstituent,OpticalPanePrimitive,BondEdgeDetail,OpticalThermalStatePoint,GlazingInspectionPoint,AtomicGlazingRegion,GLAZING,geometry,OM5_L5_OpeningSystem_SideWindowAssembly_LeftRearRibbonWindowComponent_GlazingFeature_GlassPaneLeaf,OM20_T0108_L20_AtomicGlazingRegion,
T0109,OM20_Building_001,OpeningSystem,SideWindowAssembly,LeftRearRibbonWindowComponent,FrameFeature,FrontJambLeaf,OpeningFramePartFamily,FrameAssembly,JambSillHeadSubassembly,FrameMemberElement,ProfileSubelement,RebateEdgeFeature,GlazingWallInterface,ThermalBreakFinishLayer,FrameMaterialSystem,AlloyPolymerConstituent,ExtrudedProfilePrimitive,CornerFixingDetail,AlignmentOperationStatePoint,FrameInspectionPoint,AtomicFrameRegion,FRAME,geometry,OM5_L5_OpeningSystem_SideWindowAssembly_LeftRearRibbonWindowComponent_FrameFeature_FrontJambLeaf,OM20_T0109_L20_AtomicFrameRegion,
T0110,OM20_Building_001,OpeningSystem,SideWindowAssembly,LeftRearRibbonWindowComponent,FrameFeature,RearJambLeaf,OpeningFramePartFamily,FrameAssembly,JambSillHeadSubassembly,FrameMemberElement,ProfileSubelement,RebateEdgeFeature,GlazingWallInterface,ThermalBreakFinishLayer,FrameMaterialSystem,AlloyPolymerConstituent,ExtrudedProfilePrimitive,CornerFixingDetail,AlignmentOperationStatePoint,FrameInspectionPoint,AtomicFrameRegion,FRAME,geometry,OM5_L5_OpeningSystem_SideWindowAssembly_LeftRearRibbonWindowComponent_FrameFeature_RearJambLeaf,OM20_T0110_L20_AtomicFrameRegion,
T0111,OM20_Building_001,OpeningSystem,SideWindowAssembly,LeftRearRibbonWindowComponent,FrameFeature,SillFrameLeaf,OpeningFramePartFamily,FrameAssembly,JambSillHeadSubassembly,FrameMemberElement,ProfileSubelement,RebateEdgeFeature,GlazingWallInterface,ThermalBreakFinishLayer,FrameMaterialSystem,AlloyPolymerConstituent,ExtrudedProfilePrimitive,CornerFixingDetail,AlignmentOperationStatePoint,FrameInspectionPoint,AtomicFrameRegion,FRAME,geometry,OM5_L5_OpeningSystem_SideWindowAssembly_LeftRearRibbonWindowComponent_FrameFeature_SillFrameLeaf,OM20_T0111_L20_AtomicFrameRegion,
T0112,OM20_Building_001,OpeningSystem,SideWindowAssembly,LeftRearRibbonWindowComponent,FrameFeature,HeadFrameLeaf,OpeningFramePartFamily,FrameAssembly,JambSillHeadSubassembly,FrameMemberElement,ProfileSubelement,RebateEdgeFeature,GlazingWallInterface,ThermalBreakFinishLayer,FrameMaterialSystem,AlloyPolymerConstituent,ExtrudedProfilePrimitive,CornerFixingDetail,AlignmentOperationStatePoint,FrameInspectionPoint,AtomicFrameRegion,FRAME,geometry,OM5_L5_OpeningSystem_SideWindowAssembly_LeftRearRibbonWindowComponent_FrameFeature_HeadFrameLeaf,OM20_T0112_L20_AtomicFrameRegion,
T0113,OM20_Building_001,OpeningSystem,SideWindowAssembly,LeftRearRibbonWindowComponent,MullionFeature,CenterMullionLeaf,OpeningFramePartFamily,FrameAssembly,JambSillHeadSubassembly,FrameMemberElement,ProfileSubelement,RebateEdgeFeature,GlazingWallInterface,ThermalBreakFinishLayer,FrameMaterialSystem,AlloyPolymerConstituent,ExtrudedProfilePrimitive,CornerFixingDetail,AlignmentOperationStatePoint,FrameInspectionPoint,AtomicFrameRegion,FRAME,geometry,OM5_L5_OpeningSystem_SideWindowAssembly_LeftRearRibbonWindowComponent_MullionFeature_CenterMullionLeaf,OM20_T0113_L20_AtomicFrameRegion,
T0114,OM20_Building_001,OpeningSystem,SideWindowAssembly,RightRibbonWindowComponent,GlazingFeature,GlassPaneLeaf,FenestrationPartFamily,GlazingAssembly,PaneFrameSubassembly,GlazingElement,PaneSubelement,EdgeFeature,SealInterface,CoatingInterlayer,GlassMaterialSystem,GlassFilmConstituent,OpticalPanePrimitive,BondEdgeDetail,OpticalThermalStatePoint,GlazingInspectionPoint,AtomicGlazingRegion,GLAZING,geometry,OM5_L5_OpeningSystem_SideWindowAssembly_RightRibbonWindowComponent_GlazingFeature_GlassPaneLeaf,OM20_T0114_L20_AtomicGlazingRegion,
T0115,OM20_Building_001,OpeningSystem,SideWindowAssembly,RightRibbonWindowComponent,FrameFeature,FrontJambLeaf,OpeningFramePartFamily,FrameAssembly,JambSillHeadSubassembly,FrameMemberElement,ProfileSubelement,RebateEdgeFeature,GlazingWallInterface,ThermalBreakFinishLayer,FrameMaterialSystem,AlloyPolymerConstituent,ExtrudedProfilePrimitive,CornerFixingDetail,AlignmentOperationStatePoint,FrameInspectionPoint,AtomicFrameRegion,FRAME,geometry,OM5_L5_OpeningSystem_SideWindowAssembly_RightRibbonWindowComponent_FrameFeature_FrontJambLeaf,OM20_T0115_L20_AtomicFrameRegion,
T0116,OM20_Building_001,OpeningSystem,SideWindowAssembly,RightRibbonWindowComponent,FrameFeature,RearJambLeaf,OpeningFramePartFamily,FrameAssembly,JambSillHeadSubassembly,FrameMemberElement,ProfileSubelement,RebateEdgeFeature,GlazingWallInterface,ThermalBreakFinishLayer,FrameMaterialSystem,AlloyPolymerConstituent,ExtrudedProfilePrimitive,CornerFixingDetail,AlignmentOperationStatePoint,FrameInspectionPoint,AtomicFrameRegion,FRAME,geometry,OM5_L5_OpeningSystem_SideWindowAssembly_RightRibbonWindowComponent_FrameFeature_RearJambLeaf,OM20_T0116_L20_AtomicFrameRegion,
T0117,OM20_Building_001,OpeningSystem,SideWindowAssembly,RightRibbonWindowComponent,FrameFeature,SillFrameLeaf,OpeningFramePartFamily,FrameAssembly,JambSillHeadSubassembly,FrameMemberElement,ProfileSubelement,RebateEdgeFeature,GlazingWallInterface,ThermalBreakFinishLayer,FrameMaterialSystem,AlloyPolymerConstituent,ExtrudedProfilePrimitive,CornerFixingDetail,AlignmentOperationStatePoint,FrameInspectionPoint,AtomicFrameRegion,FRAME,geometry,OM5_L5_OpeningSystem_SideWindowAssembly_RightRibbonWindowComponent_FrameFeature_SillFrameLeaf,OM20_T0117_L20_AtomicFrameRegion,
T0118,OM20_Building_001,OpeningSystem,SideWindowAssembly,RightRibbonWindowComponent,FrameFeature,HeadFrameLeaf,OpeningFramePartFamily,FrameAssembly,JambSillHeadSubassembly,FrameMemberElement,ProfileSubelement,RebateEdgeFeature,GlazingWallInterface,ThermalBreakFinishLayer,FrameMaterialSystem,AlloyPolymerConstituent,ExtrudedProfilePrimitive,CornerFixingDetail,AlignmentOperationStatePoint,FrameInspectionPoint,AtomicFrameRegion,FRAME,geometry,OM5_L5_OpeningSystem_SideWindowAssembly_RightRibbonWindowComponent_FrameFeature_HeadFrameLeaf,OM20_T0118_L20_AtomicFrameRegion,
T0119,OM20_Building_001,OpeningSystem,SideWindowAssembly,RightRibbonWindowComponent,MullionFeature,CenterMullionLeaf,OpeningFramePartFamily,FrameAssembly,JambSillHeadSubassembly,FrameMemberElement,ProfileSubelement,RebateEdgeFeature,GlazingWallInterface,ThermalBreakFinishLayer,FrameMaterialSystem,AlloyPolymerConstituent,ExtrudedProfilePrimitive,CornerFixingDetail,AlignmentOperationStatePoint,FrameInspectionPoint,AtomicFrameRegion,FRAME,geometry,OM5_L5_OpeningSystem_SideWindowAssembly_RightRibbonWindowComponent_MullionFeature_CenterMullionLeaf,OM20_T0119_L20_AtomicFrameRegion,
T0120,OM20_Building_001,OpeningSystem,MainEntryDoorAssembly,EntryDoorLeafComponent,GlazedLeafFeature,EntryDoorGlassLeaf,DoorPartFamily,DoorAssembly,LeafFrameSubassembly,DoorElement,LeafPanelSubelement,EdgeHardwareFeature,JambThresholdInterface,FinishCoreLayer,DoorMaterialSystem,PanelCoreConstituent,PlanarLeafPrimitive,HingeLatchDetail,OpenClosedStatePoint,DoorInspectionPoint,AtomicDoorRegion,DOOR,geometry,OM5_L5_OpeningSystem_MainEntryDoorAssembly_EntryDoorLeafComponent_GlazedLeafFeature_EntryDoorGlassLeaf,OM20_T0120_L20_AtomicDoorRegion,
T0121,OM20_Building_001,OpeningSystem,MainEntryDoorAssembly,EntryDoorFrameComponent,FrameMemberFeature,LeftJambLeaf,OpeningFramePartFamily,FrameAssembly,JambSillHeadSubassembly,FrameMemberElement,ProfileSubelement,RebateEdgeFeature,GlazingWallInterface,ThermalBreakFinishLayer,FrameMaterialSystem,AlloyPolymerConstituent,ExtrudedProfilePrimitive,CornerFixingDetail,AlignmentOperationStatePoint,FrameInspectionPoint,AtomicFrameRegion,FRAME,geometry,OM5_L5_OpeningSystem_MainEntryDoorAssembly_EntryDoorFrameComponent_FrameMemberFeature_LeftJambLeaf,OM20_T0121_L20_AtomicFrameRegion,
T0122,OM20_Building_001,OpeningSystem,MainEntryDoorAssembly,EntryDoorFrameComponent,FrameMemberFeature,RightJambLeaf,OpeningFramePartFamily,FrameAssembly,JambSillHeadSubassembly,FrameMemberElement,ProfileSubelement,RebateEdgeFeature,GlazingWallInterface,ThermalBreakFinishLayer,FrameMaterialSystem,AlloyPolymerConstituent,ExtrudedProfilePrimitive,CornerFixingDetail,AlignmentOperationStatePoint,FrameInspectionPoint,AtomicFrameRegion,FRAME,geometry,OM5_L5_OpeningSystem_MainEntryDoorAssembly_EntryDoorFrameComponent_FrameMemberFeature_RightJambLeaf,OM20_T0122_L20_AtomicFrameRegion,
T0123,OM20_Building_001,OpeningSystem,MainEntryDoorAssembly,EntryDoorFrameComponent,FrameMemberFeature,HeadLeaf,OpeningFramePartFamily,FrameAssembly,JambSillHeadSubassembly,FrameMemberElement,ProfileSubelement,RebateEdgeFeature,GlazingWallInterface,ThermalBreakFinishLayer,FrameMaterialSystem,AlloyPolymerConstituent,ExtrudedProfilePrimitive,CornerFixingDetail,AlignmentOperationStatePoint,FrameInspectionPoint,AtomicFrameRegion,FRAME,geometry,OM5_L5_OpeningSystem_MainEntryDoorAssembly_EntryDoorFrameComponent_FrameMemberFeature_HeadLeaf,OM20_T0123_L20_AtomicFrameRegion,
T0124,OM20_Building_001,OpeningSystem,MainEntryDoorAssembly,EntryDoorHardwareComponent,HandleFeature,EntryHandleLeaf,HardwarePartFamily,HardwareAssembly,MechanismSubassembly,HardwareElement,FastenerSubelement,ContactFeature,OwnerMateInterface,LubricationFinishLayer,HardwareMaterialSystem,AlloyPolymerConstituent,MechanicalPrimitive,FastenerBearingDetail,OperationalStatePoint,HardwareInspectionPoint,AtomicHardwareRegion,HARDWARE,geometry,OM5_L5_OpeningSystem_MainEntryDoorAssembly_EntryDoorHardwareComponent_HandleFeature_EntryHandleLeaf,OM20_T0124_L20_AtomicHardwareRegion,
T0125,OM20_Building_001,OpeningSystem,ServiceDoorAssembly,ServiceDoorLeafComponent,SolidLeafFeature,ServiceDoorPanelLeaf,DoorPartFamily,DoorAssembly,LeafFrameSubassembly,DoorElement,LeafPanelSubelement,EdgeHardwareFeature,JambThresholdInterface,FinishCoreLayer,DoorMaterialSystem,PanelCoreConstituent,PlanarLeafPrimitive,HingeLatchDetail,OpenClosedStatePoint,DoorInspectionPoint,AtomicDoorRegion,DOOR,geometry,OM5_L5_OpeningSystem_ServiceDoorAssembly_ServiceDoorLeafComponent_SolidLeafFeature_ServiceDoorPanelLeaf,OM20_T0125_L20_AtomicDoorRegion,
T0126,OM20_Building_001,OpeningSystem,ServiceDoorAssembly,ServiceDoorFrameComponent,FrameFeature,FrontJambLeaf,OpeningFramePartFamily,FrameAssembly,JambSillHeadSubassembly,FrameMemberElement,ProfileSubelement,RebateEdgeFeature,GlazingWallInterface,ThermalBreakFinishLayer,FrameMaterialSystem,AlloyPolymerConstituent,ExtrudedProfilePrimitive,CornerFixingDetail,AlignmentOperationStatePoint,FrameInspectionPoint,AtomicFrameRegion,FRAME,geometry,OM5_L5_OpeningSystem_ServiceDoorAssembly_ServiceDoorFrameComponent_FrameFeature_FrontJambLeaf,OM20_T0126_L20_AtomicFrameRegion,
T0127,OM20_Building_001,OpeningSystem,ServiceDoorAssembly,ServiceDoorFrameComponent,FrameFeature,RearJambLeaf,OpeningFramePartFamily,FrameAssembly,JambSillHeadSubassembly,FrameMemberElement,ProfileSubelement,RebateEdgeFeature,GlazingWallInterface,ThermalBreakFinishLayer,FrameMaterialSystem,AlloyPolymerConstituent,ExtrudedProfilePrimitive,CornerFixingDetail,AlignmentOperationStatePoint,FrameInspectionPoint,AtomicFrameRegion,FRAME,geometry,OM5_L5_OpeningSystem_ServiceDoorAssembly_ServiceDoorFrameComponent_FrameFeature_RearJambLeaf,OM20_T0127_L20_AtomicFrameRegion,
T0128,OM20_Building_001,OpeningSystem,ServiceDoorAssembly,ServiceDoorFrameComponent,FrameFeature,HeadLeaf,OpeningFramePartFamily,FrameAssembly,JambSillHeadSubassembly,FrameMemberElement,ProfileSubelement,RebateEdgeFeature,GlazingWallInterface,ThermalBreakFinishLayer,FrameMaterialSystem,AlloyPolymerConstituent,ExtrudedProfilePrimitive,CornerFixingDetail,AlignmentOperationStatePoint,FrameInspectionPoint,AtomicFrameRegion,FRAME,geometry,OM5_L5_OpeningSystem_ServiceDoorAssembly_ServiceDoorFrameComponent_FrameFeature_HeadLeaf,OM20_T0128_L20_AtomicFrameRegion,
T0129,OM20_Building_001,OpeningSystem,ServiceDoorAssembly,ServiceDoorHardwareComponent,HandleFeature,ServiceHandleLeaf,HardwarePartFamily,HardwareAssembly,MechanismSubassembly,HardwareElement,FastenerSubelement,ContactFeature,OwnerMateInterface,LubricationFinishLayer,HardwareMaterialSystem,AlloyPolymerConstituent,MechanicalPrimitive,FastenerBearingDetail,OperationalStatePoint,HardwareInspectionPoint,AtomicHardwareRegion,HARDWARE,geometry,OM5_L5_OpeningSystem_ServiceDoorAssembly_ServiceDoorHardwareComponent_HandleFeature_ServiceHandleLeaf,OM20_T0129_L20_AtomicHardwareRegion,
T0130,OM20_Building_001,OpeningSystem,CourtyardSliderAssembly,FrontCourtyardSliderComponent,GlazingFeature,LeftSlidingPaneLeaf,FenestrationPartFamily,GlazingAssembly,PaneFrameSubassembly,GlazingElement,PaneSubelement,EdgeFeature,SealInterface,CoatingInterlayer,GlassMaterialSystem,GlassFilmConstituent,OpticalPanePrimitive,BondEdgeDetail,OpticalThermalStatePoint,GlazingInspectionPoint,AtomicGlazingRegion,GLAZING,geometry,OM5_L5_OpeningSystem_CourtyardSliderAssembly_FrontCourtyardSliderComponent_GlazingFeature_LeftSlidingPaneLeaf,OM20_T0130_L20_AtomicGlazingRegion,
T0131,OM20_Building_001,OpeningSystem,CourtyardSliderAssembly,FrontCourtyardSliderComponent,GlazingFeature,RightSlidingPaneLeaf,FenestrationPartFamily,GlazingAssembly,PaneFrameSubassembly,GlazingElement,PaneSubelement,EdgeFeature,SealInterface,CoatingInterlayer,GlassMaterialSystem,GlassFilmConstituent,OpticalPanePrimitive,BondEdgeDetail,OpticalThermalStatePoint,GlazingInspectionPoint,AtomicGlazingRegion,GLAZING,geometry,OM5_L5_OpeningSystem_CourtyardSliderAssembly_FrontCourtyardSliderComponent_GlazingFeature_RightSlidingPaneLeaf,OM20_T0131_L20_AtomicGlazingRegion,
T0132,OM20_Building_001,OpeningSystem,CourtyardSliderAssembly,FrontCourtyardSliderComponent,FrameFeature,LeftJambLeaf,OpeningFramePartFamily,FrameAssembly,JambSillHeadSubassembly,FrameMemberElement,ProfileSubelement,RebateEdgeFeature,GlazingWallInterface,ThermalBreakFinishLayer,FrameMaterialSystem,AlloyPolymerConstituent,ExtrudedProfilePrimitive,CornerFixingDetail,AlignmentOperationStatePoint,FrameInspectionPoint,AtomicFrameRegion,FRAME,geometry,OM5_L5_OpeningSystem_CourtyardSliderAssembly_FrontCourtyardSliderComponent_FrameFeature_LeftJambLeaf,OM20_T0132_L20_AtomicFrameRegion,
T0133,OM20_Building_001,OpeningSystem,CourtyardSliderAssembly,FrontCourtyardSliderComponent,FrameFeature,CenterMullionLeaf,OpeningFramePartFamily,FrameAssembly,JambSillHeadSubassembly,FrameMemberElement,ProfileSubelement,RebateEdgeFeature,GlazingWallInterface,ThermalBreakFinishLayer,FrameMaterialSystem,AlloyPolymerConstituent,ExtrudedProfilePrimitive,CornerFixingDetail,AlignmentOperationStatePoint,FrameInspectionPoint,AtomicFrameRegion,FRAME,geometry,OM5_L5_OpeningSystem_CourtyardSliderAssembly_FrontCourtyardSliderComponent_FrameFeature_CenterMullionLeaf,OM20_T0133_L20_AtomicFrameRegion,
T0134,OM20_Building_001,OpeningSystem,CourtyardSliderAssembly,FrontCourtyardSliderComponent,FrameFeature,RightJambLeaf,OpeningFramePartFamily,FrameAssembly,JambSillHeadSubassembly,FrameMemberElement,ProfileSubelement,RebateEdgeFeature,GlazingWallInterface,ThermalBreakFinishLayer,FrameMaterialSystem,AlloyPolymerConstituent,ExtrudedProfilePrimitive,CornerFixingDetail,AlignmentOperationStatePoint,FrameInspectionPoint,AtomicFrameRegion,FRAME,geometry,OM5_L5_OpeningSystem_CourtyardSliderAssembly_FrontCourtyardSliderComponent_FrameFeature_RightJambLeaf,OM20_T0134_L20_AtomicFrameRegion,
T0135,OM20_Building_001,OpeningSystem,CourtyardSliderAssembly,FrontCourtyardSliderComponent,FrameFeature,SillLeaf,OpeningFramePartFamily,FrameAssembly,JambSillHeadSubassembly,FrameMemberElement,ProfileSubelement,RebateEdgeFeature,GlazingWallInterface,ThermalBreakFinishLayer,FrameMaterialSystem,AlloyPolymerConstituent,ExtrudedProfilePrimitive,CornerFixingDetail,AlignmentOperationStatePoint,FrameInspectionPoint,AtomicFrameRegion,FRAME,geometry,OM5_L5_OpeningSystem_CourtyardSliderAssembly_FrontCourtyardSliderComponent_FrameFeature_SillLeaf,OM20_T0135_L20_AtomicFrameRegion,
T0136,OM20_Building_001,OpeningSystem,CourtyardSliderAssembly,FrontCourtyardSliderComponent,FrameFeature,HeadLeaf,OpeningFramePartFamily,FrameAssembly,JambSillHeadSubassembly,FrameMemberElement,ProfileSubelement,RebateEdgeFeature,GlazingWallInterface,ThermalBreakFinishLayer,FrameMaterialSystem,AlloyPolymerConstituent,ExtrudedProfilePrimitive,CornerFixingDetail,AlignmentOperationStatePoint,FrameInspectionPoint,AtomicFrameRegion,FRAME,geometry,OM5_L5_OpeningSystem_CourtyardSliderAssembly_FrontCourtyardSliderComponent_FrameFeature_HeadLeaf,OM20_T0136_L20_AtomicFrameRegion,
T0137,OM20_Building_001,OpeningSystem,WingCourtyardOpeningAssembly,LeftWingSliderComponent,GlazingFeature,LeftWingGlassLeaf,FenestrationPartFamily,GlazingAssembly,PaneFrameSubassembly,GlazingElement,PaneSubelement,EdgeFeature,SealInterface,CoatingInterlayer,GlassMaterialSystem,GlassFilmConstituent,OpticalPanePrimitive,BondEdgeDetail,OpticalThermalStatePoint,GlazingInspectionPoint,AtomicGlazingRegion,GLAZING,geometry,OM5_L5_OpeningSystem_WingCourtyardOpeningAssembly_LeftWingSliderComponent_GlazingFeature_LeftWingGlassLeaf,OM20_T0137_L20_AtomicGlazingRegion,
T0138,OM20_Building_001,OpeningSystem,WingCourtyardOpeningAssembly,LeftWingSliderComponent,FrameFeature,LeftWingFrontJambLeaf,OpeningFramePartFamily,FrameAssembly,JambSillHeadSubassembly,FrameMemberElement,ProfileSubelement,RebateEdgeFeature,GlazingWallInterface,ThermalBreakFinishLayer,FrameMaterialSystem,AlloyPolymerConstituent,ExtrudedProfilePrimitive,CornerFixingDetail,AlignmentOperationStatePoint,FrameInspectionPoint,AtomicFrameRegion,FRAME,geometry,OM5_L5_OpeningSystem_WingCourtyardOpeningAssembly_LeftWingSliderComponent_FrameFeature_LeftWingFrontJambLeaf,OM20_T0138_L20_AtomicFrameRegion,
T0139,OM20_Building_001,OpeningSystem,WingCourtyardOpeningAssembly,LeftWingSliderComponent,FrameFeature,LeftWingRearJambLeaf,OpeningFramePartFamily,FrameAssembly,JambSillHeadSubassembly,FrameMemberElement,ProfileSubelement,RebateEdgeFeature,GlazingWallInterface,ThermalBreakFinishLayer,FrameMaterialSystem,AlloyPolymerConstituent,ExtrudedProfilePrimitive,CornerFixingDetail,AlignmentOperationStatePoint,FrameInspectionPoint,AtomicFrameRegion,FRAME,geometry,OM5_L5_OpeningSystem_WingCourtyardOpeningAssembly_LeftWingSliderComponent_FrameFeature_LeftWingRearJambLeaf,OM20_T0139_L20_AtomicFrameRegion,
T0140,OM20_Building_001,OpeningSystem,WingCourtyardOpeningAssembly,LeftWingSliderComponent,FrameFeature,LeftWingSillLeaf,OpeningFramePartFamily,FrameAssembly,JambSillHeadSubassembly,FrameMemberElement,ProfileSubelement,RebateEdgeFeature,GlazingWallInterface,ThermalBreakFinishLayer,FrameMaterialSystem,AlloyPolymerConstituent,ExtrudedProfilePrimitive,CornerFixingDetail,AlignmentOperationStatePoint,FrameInspectionPoint,AtomicFrameRegion,FRAME,geometry,OM5_L5_OpeningSystem_WingCourtyardOpeningAssembly_LeftWingSliderComponent_FrameFeature_LeftWingSillLeaf,OM20_T0140_L20_AtomicFrameRegion,
T0141,OM20_Building_001,OpeningSystem,WingCourtyardOpeningAssembly,LeftWingSliderComponent,FrameFeature,LeftWingHeadLeaf,OpeningFramePartFamily,FrameAssembly,JambSillHeadSubassembly,FrameMemberElement,ProfileSubelement,RebateEdgeFeature,GlazingWallInterface,ThermalBreakFinishLayer,FrameMaterialSystem,AlloyPolymerConstituent,ExtrudedProfilePrimitive,CornerFixingDetail,AlignmentOperationStatePoint,FrameInspectionPoint,AtomicFrameRegion,FRAME,geometry,OM5_L5_OpeningSystem_WingCourtyardOpeningAssembly_LeftWingSliderComponent_FrameFeature_LeftWingHeadLeaf,OM20_T0141_L20_AtomicFrameRegion,
T0142,OM20_Building_001,OpeningSystem,WingCourtyardOpeningAssembly,RightWingSliderComponent,GlazingFeature,RightWingGlassLeaf,FenestrationPartFamily,GlazingAssembly,PaneFrameSubassembly,GlazingElement,PaneSubelement,EdgeFeature,SealInterface,CoatingInterlayer,GlassMaterialSystem,GlassFilmConstituent,OpticalPanePrimitive,BondEdgeDetail,OpticalThermalStatePoint,GlazingInspectionPoint,AtomicGlazingRegion,GLAZING,geometry,OM5_L5_OpeningSystem_WingCourtyardOpeningAssembly_RightWingSliderComponent_GlazingFeature_RightWingGlassLeaf,OM20_T0142_L20_AtomicGlazingRegion,
T0143,OM20_Building_001,OpeningSystem,WingCourtyardOpeningAssembly,RightWingSliderComponent,FrameFeature,RightWingFrontJambLeaf,OpeningFramePartFamily,FrameAssembly,JambSillHeadSubassembly,FrameMemberElement,ProfileSubelement,RebateEdgeFeature,GlazingWallInterface,ThermalBreakFinishLayer,FrameMaterialSystem,AlloyPolymerConstituent,ExtrudedProfilePrimitive,CornerFixingDetail,AlignmentOperationStatePoint,FrameInspectionPoint,AtomicFrameRegion,FRAME,geometry,OM5_L5_OpeningSystem_WingCourtyardOpeningAssembly_RightWingSliderComponent_FrameFeature_RightWingFrontJambLeaf,OM20_T0143_L20_AtomicFrameRegion,
T0144,OM20_Building_001,OpeningSystem,WingCourtyardOpeningAssembly,RightWingSliderComponent,FrameFeature,RightWingRearJambLeaf,OpeningFramePartFamily,FrameAssembly,JambSillHeadSubassembly,FrameMemberElement,ProfileSubelement,RebateEdgeFeature,GlazingWallInterface,ThermalBreakFinishLayer,FrameMaterialSystem,AlloyPolymerConstituent,ExtrudedProfilePrimitive,CornerFixingDetail,AlignmentOperationStatePoint,FrameInspectionPoint,AtomicFrameRegion,FRAME,geometry,OM5_L5_OpeningSystem_WingCourtyardOpeningAssembly_RightWingSliderComponent_FrameFeature_RightWingRearJambLeaf,OM20_T0144_L20_AtomicFrameRegion,
T0145,OM20_Building_001,OpeningSystem,WingCourtyardOpeningAssembly,RightWingSliderComponent,FrameFeature,RightWingSillLeaf,OpeningFramePartFamily,FrameAssembly,JambSillHeadSubassembly,FrameMemberElement,ProfileSubelement,RebateEdgeFeature,GlazingWallInterface,ThermalBreakFinishLayer,FrameMaterialSystem,AlloyPolymerConstituent,ExtrudedProfilePrimitive,CornerFixingDetail,AlignmentOperationStatePoint,FrameInspectionPoint,AtomicFrameRegion,FRAME,geometry,OM5_L5_OpeningSystem_WingCourtyardOpeningAssembly_RightWingSliderComponent_FrameFeature_RightWingSillLeaf,OM20_T0145_L20_AtomicFrameRegion,
T0146,OM20_Building_001,OpeningSystem,WingCourtyardOpeningAssembly,RightWingSliderComponent,FrameFeature,RightWingHeadLeaf,OpeningFramePartFamily,FrameAssembly,JambSillHeadSubassembly,FrameMemberElement,ProfileSubelement,RebateEdgeFeature,GlazingWallInterface,ThermalBreakFinishLayer,FrameMaterialSystem,AlloyPolymerConstituent,ExtrudedProfilePrimitive,CornerFixingDetail,AlignmentOperationStatePoint,FrameInspectionPoint,AtomicFrameRegion,FRAME,geometry,OM5_L5_OpeningSystem_WingCourtyardOpeningAssembly_RightWingSliderComponent_FrameFeature_RightWingHeadLeaf,OM20_T0146_L20_AtomicFrameRegion,
T0147,OM20_Building_001,InteriorSystem,SpatialLayoutAssembly,LobbyLeftPartitionComponent,PartitionFeature,LobbyLeftPartitionLeaf,InteriorWallPartFamily,PartitionAssembly,StudLiningSubassembly,PartitionElement,BoardStudSubelement,JointOpeningFeature,FloorCeilingInterface,FinishInsulationLayer,PartitionMaterialSystem,BoardMetalConstituent,PlanarPartitionPrimitive,FixingJointDetail,AcousticFireStatePoint,PartitionInspectionPoint,AtomicPartitionRegion,PARTITION,geometry,OM5_L5_InteriorSystem_SpatialLayoutAssembly_LobbyLeftPartitionComponent_PartitionFeature_LobbyLeftPartitionLeaf,OM20_T0147_L20_AtomicPartitionRegion,
T0148,OM20_Building_001,InteriorSystem,SpatialLayoutAssembly,LobbyRightPartitionComponent,PartitionFeature,LobbyRightPartitionLeaf,InteriorWallPartFamily,PartitionAssembly,StudLiningSubassembly,PartitionElement,BoardStudSubelement,JointOpeningFeature,FloorCeilingInterface,FinishInsulationLayer,PartitionMaterialSystem,BoardMetalConstituent,PlanarPartitionPrimitive,FixingJointDetail,AcousticFireStatePoint,PartitionInspectionPoint,AtomicPartitionRegion,PARTITION,geometry,OM5_L5_InteriorSystem_SpatialLayoutAssembly_LobbyRightPartitionComponent_PartitionFeature_LobbyRightPartitionLeaf,OM20_T0148_L20_AtomicPartitionRegion,
T0149,OM20_Building_001,InteriorSystem,SpatialLayoutAssembly,LeftWingOfficePartitionComponent,PartitionFeature,LeftWingOfficePartitionLeaf,InteriorWallPartFamily,PartitionAssembly,StudLiningSubassembly,PartitionElement,BoardStudSubelement,JointOpeningFeature,FloorCeilingInterface,FinishInsulationLayer,PartitionMaterialSystem,BoardMetalConstituent,PlanarPartitionPrimitive,FixingJointDetail,AcousticFireStatePoint,PartitionInspectionPoint,AtomicPartitionRegion,PARTITION,geometry,OM5_L5_InteriorSystem_SpatialLayoutAssembly_LeftWingOfficePartitionComponent_PartitionFeature_LeftWingOfficePartitionLeaf,OM20_T0149_L20_AtomicPartitionRegion,
T0150,OM20_Building_001,InteriorSystem,SpatialLayoutAssembly,RightWingBathroomPartitionComponent,PartitionFeature,RightWingBathroomPartitionLeaf,InteriorWallPartFamily,PartitionAssembly,StudLiningSubassembly,PartitionElement,BoardStudSubelement,JointOpeningFeature,FloorCeilingInterface,FinishInsulationLayer,PartitionMaterialSystem,BoardMetalConstituent,PlanarPartitionPrimitive,FixingJointDetail,AcousticFireStatePoint,PartitionInspectionPoint,AtomicPartitionRegion,PARTITION,geometry,OM5_L5_InteriorSystem_SpatialLayoutAssembly_RightWingBathroomPartitionComponent_PartitionFeature_RightWingBathroomPartitionLeaf,OM20_T0150_L20_AtomicPartitionRegion,
T0151,OM20_Building_001,InteriorSystem,SpatialLayoutAssembly,RightWingUtilityPartitionComponent,PartitionFeature,RightWingUtilityPartitionLeaf,InteriorWallPartFamily,PartitionAssembly,StudLiningSubassembly,PartitionElement,BoardStudSubelement,JointOpeningFeature,FloorCeilingInterface,FinishInsulationLayer,PartitionMaterialSystem,BoardMetalConstituent,PlanarPartitionPrimitive,FixingJointDetail,AcousticFireStatePoint,PartitionInspectionPoint,AtomicPartitionRegion,PARTITION,geometry,OM5_L5_InteriorSystem_SpatialLayoutAssembly_RightWingUtilityPartitionComponent_PartitionFeature_RightWingUtilityPartitionLeaf,OM20_T0151_L20_AtomicPartitionRegion,
T0152,OM20_Building_001,InteriorSystem,FinishAssembly,LoungeFloorComponent,FloorFinishFeature,LoungeFloorLeaf,FinishPartFamily,FinishAssembly,SurfaceLayerSubassembly,FinishElement,TileBoardCoatingSubelement,EdgeJointFeature,SubstrateInterface,FinishLayer,FinishMaterialSystem,PigmentBinderConstituent,SurfacePrimitive,SeamAdhesiveDetail,WearConditionStatePoint,FinishInspectionPoint,AtomicFinishRegion,FINISH,geometry,OM5_L5_InteriorSystem_FinishAssembly_LoungeFloorComponent_FloorFinishFeature_LoungeFloorLeaf,OM20_T0152_L20_AtomicFinishRegion,
T0153,OM20_Building_001,InteriorSystem,FinishAssembly,LobbyFloorComponent,FloorFinishFeature,LobbyFloorLeaf,FinishPartFamily,FinishAssembly,SurfaceLayerSubassembly,FinishElement,TileBoardCoatingSubelement,EdgeJointFeature,SubstrateInterface,FinishLayer,FinishMaterialSystem,PigmentBinderConstituent,SurfacePrimitive,SeamAdhesiveDetail,WearConditionStatePoint,FinishInspectionPoint,AtomicFinishRegion,FINISH,geometry,OM5_L5_InteriorSystem_FinishAssembly_LobbyFloorComponent_FloorFinishFeature_LobbyFloorLeaf,OM20_T0153_L20_AtomicFinishRegion,
T0154,OM20_Building_001,InteriorSystem,FinishAssembly,KitchenFloorComponent,FloorFinishFeature,KitchenFloorLeaf,FinishPartFamily,FinishAssembly,SurfaceLayerSubassembly,FinishElement,TileBoardCoatingSubelement,EdgeJointFeature,SubstrateInterface,FinishLayer,FinishMaterialSystem,PigmentBinderConstituent,SurfacePrimitive,SeamAdhesiveDetail,WearConditionStatePoint,FinishInspectionPoint,AtomicFinishRegion,FINISH,geometry,OM5_L5_InteriorSystem_FinishAssembly_KitchenFloorComponent_FloorFinishFeature_KitchenFloorLeaf,OM20_T0154_L20_AtomicFinishRegion,
T0155,OM20_Building_001,InteriorSystem,FinishAssembly,OfficeFloorComponent,FloorFinishFeature,OfficeFloorLeaf,FinishPartFamily,FinishAssembly,SurfaceLayerSubassembly,FinishElement,TileBoardCoatingSubelement,EdgeJointFeature,SubstrateInterface,FinishLayer,FinishMaterialSystem,PigmentBinderConstituent,SurfacePrimitive,SeamAdhesiveDetail,WearConditionStatePoint,FinishInspectionPoint,AtomicFinishRegion,FINISH,geometry,OM5_L5_InteriorSystem_FinishAssembly_OfficeFloorComponent_FloorFinishFeature_OfficeFloorLeaf,OM20_T0155_L20_AtomicFinishRegion,
T0156,OM20_Building_001,InteriorSystem,FinishAssembly,ServiceFloorComponent,FloorFinishFeature,ServiceFloorLeaf,FinishPartFamily,FinishAssembly,SurfaceLayerSubassembly,FinishElement,TileBoardCoatingSubelement,EdgeJointFeature,SubstrateInterface,FinishLayer,FinishMaterialSystem,PigmentBinderConstituent,SurfacePrimitive,SeamAdhesiveDetail,WearConditionStatePoint,FinishInspectionPoint,AtomicFinishRegion,FINISH,geometry,OM5_L5_InteriorSystem_FinishAssembly_ServiceFloorComponent_FloorFinishFeature_ServiceFloorLeaf,OM20_T0156_L20_AtomicFinishRegion,
T0157,OM20_Building_001,InteriorSystem,LoungeAssembly,SofaComponent,SeatBaseFeature,SofaBaseLeaf,FurniturePartFamily,FurnitureAssembly,FrameSurfaceSubassembly,FurnitureElement,PanelLegCushionSubelement,EdgeJointFeature,FloorUserInterface,FinishUpholsteryLayer,FurnitureMaterialSystem,TimberMetalFabricConstituent,FurniturePrimitive,JointFastenerDetail,LoadUseStatePoint,FurnitureInspectionPoint,AtomicFurnitureRegion,FURNITURE,geometry,OM5_L5_InteriorSystem_LoungeAssembly_SofaComponent_SeatBaseFeature_SofaBaseLeaf,OM20_T0157_L20_AtomicFurnitureRegion,
T0158,OM20_Building_001,InteriorSystem,LoungeAssembly,SofaComponent,BackrestFeature,SofaBackLeaf,FurniturePartFamily,FurnitureAssembly,FrameSurfaceSubassembly,FurnitureElement,PanelLegCushionSubelement,EdgeJointFeature,FloorUserInterface,FinishUpholsteryLayer,FurnitureMaterialSystem,TimberMetalFabricConstituent,FurniturePrimitive,JointFastenerDetail,LoadUseStatePoint,FurnitureInspectionPoint,AtomicFurnitureRegion,FURNITURE,geometry,OM5_L5_InteriorSystem_LoungeAssembly_SofaComponent_BackrestFeature_SofaBackLeaf,OM20_T0158_L20_AtomicFurnitureRegion,
T0159,OM20_Building_001,InteriorSystem,LoungeAssembly,CoffeeTableComponent,TableTopFeature,CoffeeTableTopLeaf,FurniturePartFamily,FurnitureAssembly,FrameSurfaceSubassembly,FurnitureElement,PanelLegCushionSubelement,EdgeJointFeature,FloorUserInterface,FinishUpholsteryLayer,FurnitureMaterialSystem,TimberMetalFabricConstituent,FurniturePrimitive,JointFastenerDetail,LoadUseStatePoint,FurnitureInspectionPoint,AtomicFurnitureRegion,FURNITURE,geometry,OM5_L5_InteriorSystem_LoungeAssembly_CoffeeTableComponent_TableTopFeature_CoffeeTableTopLeaf,OM20_T0159_L20_AtomicFurnitureRegion,
T0160,OM20_Building_001,InteriorSystem,LoungeAssembly,CoffeeTableComponent,LegFeature,CoffeeTableLegFLLeaf,FurniturePartFamily,FurnitureAssembly,FrameSurfaceSubassembly,FurnitureElement,PanelLegCushionSubelement,EdgeJointFeature,FloorUserInterface,FinishUpholsteryLayer,FurnitureMaterialSystem,TimberMetalFabricConstituent,FurniturePrimitive,JointFastenerDetail,LoadUseStatePoint,FurnitureInspectionPoint,AtomicFurnitureRegion,FURNITURE,geometry,OM5_L5_InteriorSystem_LoungeAssembly_CoffeeTableComponent_LegFeature_CoffeeTableLegFLLeaf,OM20_T0160_L20_AtomicFurnitureRegion,
T0161,OM20_Building_001,InteriorSystem,LoungeAssembly,CoffeeTableComponent,LegFeature,CoffeeTableLegFRLeaf,FurniturePartFamily,FurnitureAssembly,FrameSurfaceSubassembly,FurnitureElement,PanelLegCushionSubelement,EdgeJointFeature,FloorUserInterface,FinishUpholsteryLayer,FurnitureMaterialSystem,TimberMetalFabricConstituent,FurniturePrimitive,JointFastenerDetail,LoadUseStatePoint,FurnitureInspectionPoint,AtomicFurnitureRegion,FURNITURE,geometry,OM5_L5_InteriorSystem_LoungeAssembly_CoffeeTableComponent_LegFeature_CoffeeTableLegFRLeaf,OM20_T0161_L20_AtomicFurnitureRegion,
T0162,OM20_Building_001,InteriorSystem,LoungeAssembly,CoffeeTableComponent,LegFeature,CoffeeTableLegRLLeaf,FurniturePartFamily,FurnitureAssembly,FrameSurfaceSubassembly,FurnitureElement,PanelLegCushionSubelement,EdgeJointFeature,FloorUserInterface,FinishUpholsteryLayer,FurnitureMaterialSystem,TimberMetalFabricConstituent,FurniturePrimitive,JointFastenerDetail,LoadUseStatePoint,FurnitureInspectionPoint,AtomicFurnitureRegion,FURNITURE,geometry,OM5_L5_InteriorSystem_LoungeAssembly_CoffeeTableComponent_LegFeature_CoffeeTableLegRLLeaf,OM20_T0162_L20_AtomicFurnitureRegion,
T0163,OM20_Building_001,InteriorSystem,LoungeAssembly,CoffeeTableComponent,LegFeature,CoffeeTableLegRRLeaf,FurniturePartFamily,FurnitureAssembly,FrameSurfaceSubassembly,FurnitureElement,PanelLegCushionSubelement,EdgeJointFeature,FloorUserInterface,FinishUpholsteryLayer,FurnitureMaterialSystem,TimberMetalFabricConstituent,FurniturePrimitive,JointFastenerDetail,LoadUseStatePoint,FurnitureInspectionPoint,AtomicFurnitureRegion,FURNITURE,geometry,OM5_L5_InteriorSystem_LoungeAssembly_CoffeeTableComponent_LegFeature_CoffeeTableLegRRLeaf,OM20_T0163_L20_AtomicFurnitureRegion,
T0164,OM20_Building_001,InteriorSystem,LoungeAssembly,MediaWallComponent,CabinetFeature,MediaCabinetLeaf,JoineryPartFamily,CabinetAssembly,CarcassDoorSubassembly,CabinetElement,PanelHardwareSubelement,EdgeRebateFeature,WallFloorWorktopInterface,FinishCoreLayer,CabinetMaterialSystem,BoardLaminateConstituent,BoxPanelPrimitive,HingeFastenerDetail,OpenLoadStatePoint,CabinetInspectionPoint,AtomicCabinetRegion,CABINET,geometry,OM5_L5_InteriorSystem_LoungeAssembly_MediaWallComponent_CabinetFeature_MediaCabinetLeaf,OM20_T0164_L20_AtomicCabinetRegion,
T0165,OM20_Building_001,InteriorSystem,KitchenDiningAssembly,RearCabinetRunComponent,CabinetBodyFeature,RearCabinetRunLeaf,JoineryPartFamily,CabinetAssembly,CarcassDoorSubassembly,CabinetElement,PanelHardwareSubelement,EdgeRebateFeature,WallFloorWorktopInterface,FinishCoreLayer,CabinetMaterialSystem,BoardLaminateConstituent,BoxPanelPrimitive,HingeFastenerDetail,OpenLoadStatePoint,CabinetInspectionPoint,AtomicCabinetRegion,CABINET,geometry,OM5_L5_InteriorSystem_KitchenDiningAssembly_RearCabinetRunComponent_CabinetBodyFeature_RearCabinetRunLeaf,OM20_T0165_L20_AtomicCabinetRegion,
T0166,OM20_Building_001,InteriorSystem,KitchenDiningAssembly,RearCabinetRunComponent,BenchtopFeature,RearBenchtopLeaf,WorksurfacePartFamily,BenchtopAssembly,SlabSupportSubassembly,BenchtopElement,SlabEdgeSubelement,CutoutEdgeFeature,CabinetWallFixtureInterface,SurfaceBackingLayer,WorktopMaterialSystem,StoneResinConstituent,SlabPrimitive,SealSupportDetail,LoadStainStatePoint,BenchtopInspectionPoint,AtomicBenchtopRegion,BENCHTOP,geometry,OM5_L5_InteriorSystem_KitchenDiningAssembly_RearCabinetRunComponent_BenchtopFeature_RearBenchtopLeaf,OM20_T0166_L20_AtomicBenchtopRegion,
T0167,OM20_Building_001,InteriorSystem,KitchenDiningAssembly,KitchenIslandComponent,CabinetBodyFeature,IslandBodyLeaf,JoineryPartFamily,CabinetAssembly,CarcassDoorSubassembly,CabinetElement,PanelHardwareSubelement,EdgeRebateFeature,WallFloorWorktopInterface,FinishCoreLayer,CabinetMaterialSystem,BoardLaminateConstituent,BoxPanelPrimitive,HingeFastenerDetail,OpenLoadStatePoint,CabinetInspectionPoint,AtomicCabinetRegion,CABINET,geometry,OM5_L5_InteriorSystem_KitchenDiningAssembly_KitchenIslandComponent_CabinetBodyFeature_IslandBodyLeaf,OM20_T0167_L20_AtomicCabinetRegion,
T0168,OM20_Building_001,InteriorSystem,KitchenDiningAssembly,KitchenIslandComponent,BenchtopFeature,IslandTopLeaf,WorksurfacePartFamily,BenchtopAssembly,SlabSupportSubassembly,BenchtopElement,SlabEdgeSubelement,CutoutEdgeFeature,CabinetWallFixtureInterface,SurfaceBackingLayer,WorktopMaterialSystem,StoneResinConstituent,SlabPrimitive,SealSupportDetail,LoadStainStatePoint,BenchtopInspectionPoint,AtomicBenchtopRegion,BENCHTOP,geometry,OM5_L5_InteriorSystem_KitchenDiningAssembly_KitchenIslandComponent_BenchtopFeature_IslandTopLeaf,OM20_T0168_L20_AtomicBenchtopRegion,
T0169,OM20_Building_001,InteriorSystem,KitchenDiningAssembly,KitchenSinkComponent,BowlFeature,SinkBowlLeaf,PlumbingFixturePartFamily,FixtureAssembly,BowlValveDrainSubassembly,FixtureElement,BodyFittingSubelement,WettedEdgeFeature,WaterWasteSupportInterface,GlazeSealLayer,FixtureMaterialSystem,CeramicMetalPolymerConstituent,FixtureBodyPrimitive,SealConnectionDetail,FlowLeakStatePoint,FixtureInspectionPoint,AtomicFixtureRegion,PLUMBING_FIXTURE,geometry,OM5_L5_InteriorSystem_KitchenDiningAssembly_KitchenSinkComponent_BowlFeature_SinkBowlLeaf,OM20_T0169_L20_AtomicFixtureRegion,
T0170,OM20_Building_001,InteriorSystem,KitchenDiningAssembly,OvenComponent,ApplianceBodyFeature,OvenLeaf,EquipmentPartFamily,ApplianceAssembly,FunctionalSubassembly,ApplianceElement,HousingMechanismSubelement,AccessControlFeature,PowerWaterVentInterface,InsulationFinishLayer,ApplianceMaterialSystem,MetalPolymerConstituent,EquipmentBodyPrimitive,ConnectionMountDetail,OperationalFaultStatePoint,ApplianceInspectionPoint,AtomicApplianceRegion,APPLIANCE,geometry,OM5_L5_InteriorSystem_KitchenDiningAssembly_OvenComponent_ApplianceBodyFeature_OvenLeaf,OM20_T0170_L20_AtomicApplianceRegion,
T0171,OM20_Building_001,InteriorSystem,KitchenDiningAssembly,DiningTableComponent,TableTopFeature,DiningTableTopLeaf,FurniturePartFamily,FurnitureAssembly,FrameSurfaceSubassembly,FurnitureElement,PanelLegCushionSubelement,EdgeJointFeature,FloorUserInterface,FinishUpholsteryLayer,FurnitureMaterialSystem,TimberMetalFabricConstituent,FurniturePrimitive,JointFastenerDetail,LoadUseStatePoint,FurnitureInspectionPoint,AtomicFurnitureRegion,FURNITURE,geometry,OM5_L5_InteriorSystem_KitchenDiningAssembly_DiningTableComponent_TableTopFeature_DiningTableTopLeaf,OM20_T0171_L20_AtomicFurnitureRegion,
T0172,OM20_Building_001,InteriorSystem,KitchenDiningAssembly,DiningTableComponent,LegFeature,DiningTableLegFLLeaf,FurniturePartFamily,FurnitureAssembly,FrameSurfaceSubassembly,FurnitureElement,PanelLegCushionSubelement,EdgeJointFeature,FloorUserInterface,FinishUpholsteryLayer,FurnitureMaterialSystem,TimberMetalFabricConstituent,FurniturePrimitive,JointFastenerDetail,LoadUseStatePoint,FurnitureInspectionPoint,AtomicFurnitureRegion,FURNITURE,geometry,OM5_L5_InteriorSystem_KitchenDiningAssembly_DiningTableComponent_LegFeature_DiningTableLegFLLeaf,OM20_T0172_L20_AtomicFurnitureRegion,
T0173,OM20_Building_001,InteriorSystem,KitchenDiningAssembly,DiningTableComponent,LegFeature,DiningTableLegFRLeaf,FurniturePartFamily,FurnitureAssembly,FrameSurfaceSubassembly,FurnitureElement,PanelLegCushionSubelement,EdgeJointFeature,FloorUserInterface,FinishUpholsteryLayer,FurnitureMaterialSystem,TimberMetalFabricConstituent,FurniturePrimitive,JointFastenerDetail,LoadUseStatePoint,FurnitureInspectionPoint,AtomicFurnitureRegion,FURNITURE,geometry,OM5_L5_InteriorSystem_KitchenDiningAssembly_DiningTableComponent_LegFeature_DiningTableLegFRLeaf,OM20_T0173_L20_AtomicFurnitureRegion,
T0174,OM20_Building_001,InteriorSystem,KitchenDiningAssembly,DiningTableComponent,LegFeature,DiningTableLegRLLeaf,FurniturePartFamily,FurnitureAssembly,FrameSurfaceSubassembly,FurnitureElement,PanelLegCushionSubelement,EdgeJointFeature,FloorUserInterface,FinishUpholsteryLayer,FurnitureMaterialSystem,TimberMetalFabricConstituent,FurniturePrimitive,JointFastenerDetail,LoadUseStatePoint,FurnitureInspectionPoint,AtomicFurnitureRegion,FURNITURE,geometry,OM5_L5_InteriorSystem_KitchenDiningAssembly_DiningTableComponent_LegFeature_DiningTableLegRLLeaf,OM20_T0174_L20_AtomicFurnitureRegion,
T0175,OM20_Building_001,InteriorSystem,KitchenDiningAssembly,DiningTableComponent,LegFeature,DiningTableLegRRLeaf,FurniturePartFamily,FurnitureAssembly,FrameSurfaceSubassembly,FurnitureElement,PanelLegCushionSubelement,EdgeJointFeature,FloorUserInterface,FinishUpholsteryLayer,FurnitureMaterialSystem,TimberMetalFabricConstituent,FurniturePrimitive,JointFastenerDetail,LoadUseStatePoint,FurnitureInspectionPoint,AtomicFurnitureRegion,FURNITURE,geometry,OM5_L5_InteriorSystem_KitchenDiningAssembly_DiningTableComponent_LegFeature_DiningTableLegRRLeaf,OM20_T0175_L20_AtomicFurnitureRegion,
T0176,OM20_Building_001,InteriorSystem,KitchenDiningAssembly,DiningChairSetComponent,ChairFeature,DiningChair1Leaf,FurniturePartFamily,FurnitureAssembly,FrameSurfaceSubassembly,FurnitureElement,PanelLegCushionSubelement,EdgeJointFeature,FloorUserInterface,FinishUpholsteryLayer,FurnitureMaterialSystem,TimberMetalFabricConstituent,FurniturePrimitive,JointFastenerDetail,LoadUseStatePoint,FurnitureInspectionPoint,AtomicFurnitureRegion,FURNITURE,geometry,OM5_L5_InteriorSystem_KitchenDiningAssembly_DiningChairSetComponent_ChairFeature_DiningChair1Leaf,OM20_T0176_L20_AtomicFurnitureRegion,
T0177,OM20_Building_001,InteriorSystem,KitchenDiningAssembly,DiningChairSetComponent,ChairFeature,DiningChair2Leaf,FurniturePartFamily,FurnitureAssembly,FrameSurfaceSubassembly,FurnitureElement,PanelLegCushionSubelement,EdgeJointFeature,FloorUserInterface,FinishUpholsteryLayer,FurnitureMaterialSystem,TimberMetalFabricConstituent,FurniturePrimitive,JointFastenerDetail,LoadUseStatePoint,FurnitureInspectionPoint,AtomicFurnitureRegion,FURNITURE,geometry,OM5_L5_InteriorSystem_KitchenDiningAssembly_DiningChairSetComponent_ChairFeature_DiningChair2Leaf,OM20_T0177_L20_AtomicFurnitureRegion,
T0178,OM20_Building_001,InteriorSystem,KitchenDiningAssembly,DiningChairSetComponent,ChairFeature,DiningChair3Leaf,FurniturePartFamily,FurnitureAssembly,FrameSurfaceSubassembly,FurnitureElement,PanelLegCushionSubelement,EdgeJointFeature,FloorUserInterface,FinishUpholsteryLayer,FurnitureMaterialSystem,TimberMetalFabricConstituent,FurniturePrimitive,JointFastenerDetail,LoadUseStatePoint,FurnitureInspectionPoint,AtomicFurnitureRegion,FURNITURE,geometry,OM5_L5_InteriorSystem_KitchenDiningAssembly_DiningChairSetComponent_ChairFeature_DiningChair3Leaf,OM20_T0178_L20_AtomicFurnitureRegion,
T0179,OM20_Building_001,InteriorSystem,KitchenDiningAssembly,DiningChairSetComponent,ChairFeature,DiningChair4Leaf,FurniturePartFamily,FurnitureAssembly,FrameSurfaceSubassembly,FurnitureElement,PanelLegCushionSubelement,EdgeJointFeature,FloorUserInterface,FinishUpholsteryLayer,FurnitureMaterialSystem,TimberMetalFabricConstituent,FurniturePrimitive,JointFastenerDetail,LoadUseStatePoint,FurnitureInspectionPoint,AtomicFurnitureRegion,FURNITURE,geometry,OM5_L5_InteriorSystem_KitchenDiningAssembly_DiningChairSetComponent_ChairFeature_DiningChair4Leaf,OM20_T0179_L20_AtomicFurnitureRegion,
T0180,OM20_Building_001,InteriorSystem,OfficeStudioAssembly,WorkstationComponent,DeskTopFeature,OfficeDesk1TopLeaf,FurniturePartFamily,FurnitureAssembly,FrameSurfaceSubassembly,FurnitureElement,PanelLegCushionSubelement,EdgeJointFeature,FloorUserInterface,FinishUpholsteryLayer,FurnitureMaterialSystem,TimberMetalFabricConstituent,FurniturePrimitive,JointFastenerDetail,LoadUseStatePoint,FurnitureInspectionPoint,AtomicFurnitureRegion,FURNITURE,geometry,OM5_L5_InteriorSystem_OfficeStudioAssembly_WorkstationComponent_DeskTopFeature_OfficeDesk1TopLeaf,OM20_T0180_L20_AtomicFurnitureRegion,
T0181,OM20_Building_001,InteriorSystem,OfficeStudioAssembly,WorkstationComponent,ChairFeature,OfficeChair1Leaf,FurniturePartFamily,FurnitureAssembly,FrameSurfaceSubassembly,FurnitureElement,PanelLegCushionSubelement,EdgeJointFeature,FloorUserInterface,FinishUpholsteryLayer,FurnitureMaterialSystem,TimberMetalFabricConstituent,FurniturePrimitive,JointFastenerDetail,LoadUseStatePoint,FurnitureInspectionPoint,AtomicFurnitureRegion,FURNITURE,geometry,OM5_L5_InteriorSystem_OfficeStudioAssembly_WorkstationComponent_ChairFeature_OfficeChair1Leaf,OM20_T0181_L20_AtomicFurnitureRegion,
T0182,OM20_Building_001,InteriorSystem,OfficeStudioAssembly,WorkstationComponent,DeskTopFeature,OfficeDesk2TopLeaf,FurniturePartFamily,FurnitureAssembly,FrameSurfaceSubassembly,FurnitureElement,PanelLegCushionSubelement,EdgeJointFeature,FloorUserInterface,FinishUpholsteryLayer,FurnitureMaterialSystem,TimberMetalFabricConstituent,FurniturePrimitive,JointFastenerDetail,LoadUseStatePoint,FurnitureInspectionPoint,AtomicFurnitureRegion,FURNITURE,geometry,OM5_L5_InteriorSystem_OfficeStudioAssembly_WorkstationComponent_DeskTopFeature_OfficeDesk2TopLeaf,OM20_T0182_L20_AtomicFurnitureRegion,
T0183,OM20_Building_001,InteriorSystem,OfficeStudioAssembly,WorkstationComponent,ChairFeature,OfficeChair2Leaf,FurniturePartFamily,FurnitureAssembly,FrameSurfaceSubassembly,FurnitureElement,PanelLegCushionSubelement,EdgeJointFeature,FloorUserInterface,FinishUpholsteryLayer,FurnitureMaterialSystem,TimberMetalFabricConstituent,FurniturePrimitive,JointFastenerDetail,LoadUseStatePoint,FurnitureInspectionPoint,AtomicFurnitureRegion,FURNITURE,geometry,OM5_L5_InteriorSystem_OfficeStudioAssembly_WorkstationComponent_ChairFeature_OfficeChair2Leaf,OM20_T0183_L20_AtomicFurnitureRegion,
T0184,OM20_Building_001,InteriorSystem,OfficeStudioAssembly,StorageComponent,ShelfFeature,OfficeShelfLeaf,FurniturePartFamily,FurnitureAssembly,FrameSurfaceSubassembly,FurnitureElement,PanelLegCushionSubelement,EdgeJointFeature,FloorUserInterface,FinishUpholsteryLayer,FurnitureMaterialSystem,TimberMetalFabricConstituent,FurniturePrimitive,JointFastenerDetail,LoadUseStatePoint,FurnitureInspectionPoint,AtomicFurnitureRegion,FURNITURE,geometry,OM5_L5_InteriorSystem_OfficeStudioAssembly_StorageComponent_ShelfFeature_OfficeShelfLeaf,OM20_T0184_L20_AtomicFurnitureRegion,
T0185,OM20_Building_001,InteriorSystem,OfficeStudioAssembly,MeetingTableComponent,TableTopFeature,MeetingTableTopLeaf,FurniturePartFamily,FurnitureAssembly,FrameSurfaceSubassembly,FurnitureElement,PanelLegCushionSubelement,EdgeJointFeature,FloorUserInterface,FinishUpholsteryLayer,FurnitureMaterialSystem,TimberMetalFabricConstituent,FurniturePrimitive,JointFastenerDetail,LoadUseStatePoint,FurnitureInspectionPoint,AtomicFurnitureRegion,FURNITURE,geometry,OM5_L5_InteriorSystem_OfficeStudioAssembly_MeetingTableComponent_TableTopFeature_MeetingTableTopLeaf,OM20_T0185_L20_AtomicFurnitureRegion,
T0186,OM20_Building_001,InteriorSystem,BathroomUtilityAssembly,VanityComponent,CabinetFeature,VanityBodyLeaf,JoineryPartFamily,CabinetAssembly,CarcassDoorSubassembly,CabinetElement,PanelHardwareSubelement,EdgeRebateFeature,WallFloorWorktopInterface,FinishCoreLayer,CabinetMaterialSystem,BoardLaminateConstituent,BoxPanelPrimitive,HingeFastenerDetail,OpenLoadStatePoint,CabinetInspectionPoint,AtomicCabinetRegion,CABINET,geometry,OM5_L5_InteriorSystem_BathroomUtilityAssembly_VanityComponent_CabinetFeature_VanityBodyLeaf,OM20_T0186_L20_AtomicCabinetRegion,
T0187,OM20_Building_001,InteriorSystem,BathroomUtilityAssembly,VanityComponent,BasinFeature,VanityBasinLeaf,PlumbingFixturePartFamily,FixtureAssembly,BowlValveDrainSubassembly,FixtureElement,BodyFittingSubelement,WettedEdgeFeature,WaterWasteSupportInterface,GlazeSealLayer,FixtureMaterialSystem,CeramicMetalPolymerConstituent,FixtureBodyPrimitive,SealConnectionDetail,FlowLeakStatePoint,FixtureInspectionPoint,AtomicFixtureRegion,PLUMBING_FIXTURE,geometry,OM5_L5_InteriorSystem_BathroomUtilityAssembly_VanityComponent_BasinFeature_VanityBasinLeaf,OM20_T0187_L20_AtomicFixtureRegion,
T0188,OM20_Building_001,InteriorSystem,BathroomUtilityAssembly,ToiletComponent,PanFeature,ToiletPanLeaf,PlumbingFixturePartFamily,FixtureAssembly,BowlValveDrainSubassembly,FixtureElement,BodyFittingSubelement,WettedEdgeFeature,WaterWasteSupportInterface,GlazeSealLayer,FixtureMaterialSystem,CeramicMetalPolymerConstituent,FixtureBodyPrimitive,SealConnectionDetail,FlowLeakStatePoint,FixtureInspectionPoint,AtomicFixtureRegion,PLUMBING_FIXTURE,geometry,OM5_L5_InteriorSystem_BathroomUtilityAssembly_ToiletComponent_PanFeature_ToiletPanLeaf,OM20_T0188_L20_AtomicFixtureRegion,
T0189,OM20_Building_001,InteriorSystem,BathroomUtilityAssembly,ShowerComponent,TrayFeature,ShowerTrayLeaf,PlumbingFixturePartFamily,FixtureAssembly,BowlValveDrainSubassembly,FixtureElement,BodyFittingSubelement,WettedEdgeFeature,WaterWasteSupportInterface,GlazeSealLayer,FixtureMaterialSystem,CeramicMetalPolymerConstituent,FixtureBodyPrimitive,SealConnectionDetail,FlowLeakStatePoint,FixtureInspectionPoint,AtomicFixtureRegion,PLUMBING_FIXTURE,geometry,OM5_L5_InteriorSystem_BathroomUtilityAssembly_ShowerComponent_TrayFeature_ShowerTrayLeaf,OM20_T0189_L20_AtomicFixtureRegion,
T0190,OM20_Building_001,InteriorSystem,BathroomUtilityAssembly,ShowerComponent,ScreenFeature,ShowerScreenLeaf,PlumbingFixturePartFamily,FixtureAssembly,BowlValveDrainSubassembly,FixtureElement,BodyFittingSubelement,WettedEdgeFeature,WaterWasteSupportInterface,GlazeSealLayer,FixtureMaterialSystem,CeramicMetalPolymerConstituent,FixtureBodyPrimitive,SealConnectionDetail,FlowLeakStatePoint,FixtureInspectionPoint,AtomicFixtureRegion,PLUMBING_FIXTURE,geometry,OM5_L5_InteriorSystem_BathroomUtilityAssembly_ShowerComponent_ScreenFeature_ShowerScreenLeaf,OM20_T0190_L20_AtomicFixtureRegion,
T0191,OM20_Building_001,InteriorSystem,BathroomUtilityAssembly,WasherComponent,ApplianceBodyFeature,WasherLeaf,EquipmentPartFamily,ApplianceAssembly,FunctionalSubassembly,ApplianceElement,HousingMechanismSubelement,AccessControlFeature,PowerWaterVentInterface,InsulationFinishLayer,ApplianceMaterialSystem,MetalPolymerConstituent,EquipmentBodyPrimitive,ConnectionMountDetail,OperationalFaultStatePoint,ApplianceInspectionPoint,AtomicApplianceRegion,APPLIANCE,geometry,OM5_L5_InteriorSystem_BathroomUtilityAssembly_WasherComponent_ApplianceBodyFeature_WasherLeaf,OM20_T0191_L20_AtomicApplianceRegion,
T0192,OM20_Building_001,InteriorSystem,BathroomUtilityAssembly,WaterHeaterComponent,TankFeature,WaterHeaterLeaf,PlumbingFixturePartFamily,FixtureAssembly,BowlValveDrainSubassembly,FixtureElement,BodyFittingSubelement,WettedEdgeFeature,WaterWasteSupportInterface,GlazeSealLayer,FixtureMaterialSystem,CeramicMetalPolymerConstituent,FixtureBodyPrimitive,SealConnectionDetail,FlowLeakStatePoint,FixtureInspectionPoint,AtomicFixtureRegion,PLUMBING_FIXTURE,geometry,OM5_L5_InteriorSystem_BathroomUtilityAssembly_WaterHeaterComponent_TankFeature_WaterHeaterLeaf,OM20_T0192_L20_AtomicFixtureRegion,
T0193,OM20_Building_001,InteriorSystem,CeilingFixtureAssembly,CeilingLightComponent,LuminaireFeature,CeilingLight1Leaf,LightingPartFamily,LuminaireAssembly,OpticalElectricalSubassembly,LuminaireElement,EmitterHousingSubelement,LensReflectorFeature,PowerMountInterface,DiffuserFinishLayer,LightingMaterialSystem,SemiconductorMetalConstituent,LuminairePrimitive,TerminalMountDetail,IlluminationFaultStatePoint,LightingInspectionPoint,AtomicLightingRegion,LIGHTING,geometry,OM5_L5_InteriorSystem_CeilingFixtureAssembly_CeilingLightComponent_LuminaireFeature_CeilingLight1Leaf,OM20_T0193_L20_AtomicLightingRegion,
T0194,OM20_Building_001,InteriorSystem,CeilingFixtureAssembly,CeilingLightComponent,LuminaireFeature,CeilingLight2Leaf,LightingPartFamily,LuminaireAssembly,OpticalElectricalSubassembly,LuminaireElement,EmitterHousingSubelement,LensReflectorFeature,PowerMountInterface,DiffuserFinishLayer,LightingMaterialSystem,SemiconductorMetalConstituent,LuminairePrimitive,TerminalMountDetail,IlluminationFaultStatePoint,LightingInspectionPoint,AtomicLightingRegion,LIGHTING,geometry,OM5_L5_InteriorSystem_CeilingFixtureAssembly_CeilingLightComponent_LuminaireFeature_CeilingLight2Leaf,OM20_T0194_L20_AtomicLightingRegion,
T0195,OM20_Building_001,InteriorSystem,CeilingFixtureAssembly,CeilingLightComponent,LuminaireFeature,CeilingLight3Leaf,LightingPartFamily,LuminaireAssembly,OpticalElectricalSubassembly,LuminaireElement,EmitterHousingSubelement,LensReflectorFeature,PowerMountInterface,DiffuserFinishLayer,LightingMaterialSystem,SemiconductorMetalConstituent,LuminairePrimitive,TerminalMountDetail,IlluminationFaultStatePoint,LightingInspectionPoint,AtomicLightingRegion,LIGHTING,geometry,OM5_L5_InteriorSystem_CeilingFixtureAssembly_CeilingLightComponent_LuminaireFeature_CeilingLight3Leaf,OM20_T0195_L20_AtomicLightingRegion,
T0196,OM20_Building_001,InteriorSystem,CeilingFixtureAssembly,CeilingLightComponent,LuminaireFeature,CeilingLight4Leaf,LightingPartFamily,LuminaireAssembly,OpticalElectricalSubassembly,LuminaireElement,EmitterHousingSubelement,LensReflectorFeature,PowerMountInterface,DiffuserFinishLayer,LightingMaterialSystem,SemiconductorMetalConstituent,LuminairePrimitive,TerminalMountDetail,IlluminationFaultStatePoint,LightingInspectionPoint,AtomicLightingRegion,LIGHTING,geometry,OM5_L5_InteriorSystem_CeilingFixtureAssembly_CeilingLightComponent_LuminaireFeature_CeilingLight4Leaf,OM20_T0196_L20_AtomicLightingRegion,
T0197,OM20_Building_001,InteriorSystem,CeilingFixtureAssembly,CeilingLightComponent,LuminaireFeature,CeilingLight5Leaf,LightingPartFamily,LuminaireAssembly,OpticalElectricalSubassembly,LuminaireElement,EmitterHousingSubelement,LensReflectorFeature,PowerMountInterface,DiffuserFinishLayer,LightingMaterialSystem,SemiconductorMetalConstituent,LuminairePrimitive,TerminalMountDetail,IlluminationFaultStatePoint,LightingInspectionPoint,AtomicLightingRegion,LIGHTING,geometry,OM5_L5_InteriorSystem_CeilingFixtureAssembly_CeilingLightComponent_LuminaireFeature_CeilingLight5Leaf,OM20_T0197_L20_AtomicLightingRegion,
T0198,OM20_Building_001,InteriorSystem,CeilingFixtureAssembly,PendantLightComponent,LuminaireFeature,PendantLight1Leaf,LightingPartFamily,LuminaireAssembly,OpticalElectricalSubassembly,LuminaireElement,EmitterHousingSubelement,LensReflectorFeature,PowerMountInterface,DiffuserFinishLayer,LightingMaterialSystem,SemiconductorMetalConstituent,LuminairePrimitive,TerminalMountDetail,IlluminationFaultStatePoint,LightingInspectionPoint,AtomicLightingRegion,LIGHTING,geometry,OM5_L5_InteriorSystem_CeilingFixtureAssembly_PendantLightComponent_LuminaireFeature_PendantLight1Leaf,OM20_T0198_L20_AtomicLightingRegion,
T0199,OM20_Building_001,InteriorSystem,CeilingFixtureAssembly,PendantLightComponent,LuminaireFeature,PendantLight2Leaf,LightingPartFamily,LuminaireAssembly,OpticalElectricalSubassembly,LuminaireElement,EmitterHousingSubelement,LensReflectorFeature,PowerMountInterface,DiffuserFinishLayer,LightingMaterialSystem,SemiconductorMetalConstituent,LuminairePrimitive,TerminalMountDetail,IlluminationFaultStatePoint,LightingInspectionPoint,AtomicLightingRegion,LIGHTING,geometry,OM5_L5_InteriorSystem_CeilingFixtureAssembly_PendantLightComponent_LuminaireFeature_PendantLight2Leaf,OM20_T0199_L20_AtomicLightingRegion,
T0200,OM20_Building_001,RoofSystem,FlatRoofAssembly,FrontWingRoofDeckComponent,RoofSlabFeature,FrontWingRoofSlabLeaf,RoofStructurePartFamily,RoofDeckAssembly,DeckSubassembly,RoofElement,DeckZoneSubelement,EdgeDrainFeature,WallSupportInterface,ScreedProtectionLayer,RoofMaterialSystem,ConcreteSteelConstituent,RoofPlatePrimitive,PenetrationJointDetail,DeflectionPondingStatePoint,RoofInspectionPoint,AtomicRoofRegion,ROOF_SLAB,geometry,OM5_L5_RoofSystem_FlatRoofAssembly_FrontWingRoofDeckComponent_RoofSlabFeature_FrontWingRoofSlabLeaf,OM20_T0200_L20_AtomicRoofRegion,
T0201,OM20_Building_001,RoofSystem,FlatRoofAssembly,FrontWingRoofMembraneComponent,WeatherproofLayerFeature,FrontWingMembraneLeaf,WaterproofingPartFamily,MembraneAssembly,SheetCoatingSubassembly,MembraneElement,LapPatchSubelement,EdgeTurnupFeature,SubstrateDrainInterface,WaterproofLayer,MembraneMaterialSystem,PolymerBitumenConstituent,ThinSurfacePrimitive,LapSealDetail,MoistureIntegrityStatePoint,MembraneInspectionPoint,AtomicMembraneRegion,MEMBRANE,geometry,OM5_L5_RoofSystem_FlatRoofAssembly_FrontWingRoofMembraneComponent_WeatherproofLayerFeature_FrontWingMembraneLeaf,OM20_T0201_L20_AtomicMembraneRegion,
T0202,OM20_Building_001,RoofSystem,FlatRoofAssembly,LeftWingRoofDeckComponent,RoofSlabFeature,LeftWingRoofSlabLeaf,RoofStructurePartFamily,RoofDeckAssembly,DeckSubassembly,RoofElement,DeckZoneSubelement,EdgeDrainFeature,WallSupportInterface,ScreedProtectionLayer,RoofMaterialSystem,ConcreteSteelConstituent,RoofPlatePrimitive,PenetrationJointDetail,DeflectionPondingStatePoint,RoofInspectionPoint,AtomicRoofRegion,ROOF_SLAB,geometry,OM5_L5_RoofSystem_FlatRoofAssembly_LeftWingRoofDeckComponent_RoofSlabFeature_LeftWingRoofSlabLeaf,OM20_T0202_L20_AtomicRoofRegion,
T0203,OM20_Building_001,RoofSystem,FlatRoofAssembly,LeftWingRoofMembraneComponent,WeatherproofLayerFeature,LeftWingMembraneLeaf,WaterproofingPartFamily,MembraneAssembly,SheetCoatingSubassembly,MembraneElement,LapPatchSubelement,EdgeTurnupFeature,SubstrateDrainInterface,WaterproofLayer,MembraneMaterialSystem,PolymerBitumenConstituent,ThinSurfacePrimitive,LapSealDetail,MoistureIntegrityStatePoint,MembraneInspectionPoint,AtomicMembraneRegion,MEMBRANE,geometry,OM5_L5_RoofSystem_FlatRoofAssembly_LeftWingRoofMembraneComponent_WeatherproofLayerFeature_LeftWingMembraneLeaf,OM20_T0203_L20_AtomicMembraneRegion,
T0204,OM20_Building_001,RoofSystem,FlatRoofAssembly,RightWingRoofDeckComponent,RoofSlabFeature,RightWingRoofSlabLeaf,RoofStructurePartFamily,RoofDeckAssembly,DeckSubassembly,RoofElement,DeckZoneSubelement,EdgeDrainFeature,WallSupportInterface,ScreedProtectionLayer,RoofMaterialSystem,ConcreteSteelConstituent,RoofPlatePrimitive,PenetrationJointDetail,DeflectionPondingStatePoint,RoofInspectionPoint,AtomicRoofRegion,ROOF_SLAB,geometry,OM5_L5_RoofSystem_FlatRoofAssembly_RightWingRoofDeckComponent_RoofSlabFeature_RightWingRoofSlabLeaf,OM20_T0204_L20_AtomicRoofRegion,
T0205,OM20_Building_001,RoofSystem,FlatRoofAssembly,RightWingRoofMembraneComponent,WeatherproofLayerFeature,RightWingMembraneLeaf,WaterproofingPartFamily,MembraneAssembly,SheetCoatingSubassembly,MembraneElement,LapPatchSubelement,EdgeTurnupFeature,SubstrateDrainInterface,WaterproofLayer,MembraneMaterialSystem,PolymerBitumenConstituent,ThinSurfacePrimitive,LapSealDetail,MoistureIntegrityStatePoint,MembraneInspectionPoint,AtomicMembraneRegion,MEMBRANE,geometry,OM5_L5_RoofSystem_FlatRoofAssembly_RightWingRoofMembraneComponent_WeatherproofLayerFeature_RightWingMembraneLeaf,OM20_T0205_L20_AtomicMembraneRegion,
T0206,OM20_Building_001,RoofSystem,ParapetAssembly,FrontOuterParapetComponent,CopingWallFeature,FrontOuterParapetLeaf,RoofEdgePartFamily,ParapetAssembly,WallCopingSubassembly,ParapetElement,WallCapSubelement,EdgeReturnFeature,RoofFacadeInterface,FlashingFinishLayer,ParapetMaterialSystem,ConcreteMetalConstituent,LinearWallPrimitive,CopingJointDetail,WeatheringAlignmentStatePoint,ParapetInspectionPoint,AtomicParapetRegion,PARAPET,geometry,OM5_L5_RoofSystem_ParapetAssembly_FrontOuterParapetComponent_CopingWallFeature_FrontOuterParapetLeaf,OM20_T0206_L20_AtomicParapetRegion,
T0207,OM20_Building_001,RoofSystem,ParapetAssembly,LeftOuterParapetComponent,CopingWallFeature,LeftOuterParapetLeaf,RoofEdgePartFamily,ParapetAssembly,WallCopingSubassembly,ParapetElement,WallCapSubelement,EdgeReturnFeature,RoofFacadeInterface,FlashingFinishLayer,ParapetMaterialSystem,ConcreteMetalConstituent,LinearWallPrimitive,CopingJointDetail,WeatheringAlignmentStatePoint,ParapetInspectionPoint,AtomicParapetRegion,PARAPET,geometry,OM5_L5_RoofSystem_ParapetAssembly_LeftOuterParapetComponent_CopingWallFeature_LeftOuterParapetLeaf,OM20_T0207_L20_AtomicParapetRegion,
T0208,OM20_Building_001,RoofSystem,ParapetAssembly,RightOuterParapetComponent,CopingWallFeature,RightOuterParapetLeaf,RoofEdgePartFamily,ParapetAssembly,WallCopingSubassembly,ParapetElement,WallCapSubelement,EdgeReturnFeature,RoofFacadeInterface,FlashingFinishLayer,ParapetMaterialSystem,ConcreteMetalConstituent,LinearWallPrimitive,CopingJointDetail,WeatheringAlignmentStatePoint,ParapetInspectionPoint,AtomicParapetRegion,PARAPET,geometry,OM5_L5_RoofSystem_ParapetAssembly_RightOuterParapetComponent_CopingWallFeature_RightOuterParapetLeaf,OM20_T0208_L20_AtomicParapetRegion,
T0209,OM20_Building_001,RoofSystem,ParapetAssembly,LeftRearParapetComponent,CopingWallFeature,LeftRearParapetLeaf,RoofEdgePartFamily,ParapetAssembly,WallCopingSubassembly,ParapetElement,WallCapSubelement,EdgeReturnFeature,RoofFacadeInterface,FlashingFinishLayer,ParapetMaterialSystem,ConcreteMetalConstituent,LinearWallPrimitive,CopingJointDetail,WeatheringAlignmentStatePoint,ParapetInspectionPoint,AtomicParapetRegion,PARAPET,geometry,OM5_L5_RoofSystem_ParapetAssembly_LeftRearParapetComponent_CopingWallFeature_LeftRearParapetLeaf,OM20_T0209_L20_AtomicParapetRegion,
T0210,OM20_Building_001,RoofSystem,ParapetAssembly,RightRearParapetComponent,CopingWallFeature,RightRearParapetLeaf,RoofEdgePartFamily,ParapetAssembly,WallCopingSubassembly,ParapetElement,WallCapSubelement,EdgeReturnFeature,RoofFacadeInterface,FlashingFinishLayer,ParapetMaterialSystem,ConcreteMetalConstituent,LinearWallPrimitive,CopingJointDetail,WeatheringAlignmentStatePoint,ParapetInspectionPoint,AtomicParapetRegion,PARAPET,geometry,OM5_L5_RoofSystem_ParapetAssembly_RightRearParapetComponent_CopingWallFeature_RightRearParapetLeaf,OM20_T0210_L20_AtomicParapetRegion,
T0211,OM20_Building_001,RoofSystem,ParapetAssembly,CourtyardFrontParapetComponent,CopingWallFeature,CourtyardFrontParapetLeaf,RoofEdgePartFamily,ParapetAssembly,WallCopingSubassembly,ParapetElement,WallCapSubelement,EdgeReturnFeature,RoofFacadeInterface,FlashingFinishLayer,ParapetMaterialSystem,ConcreteMetalConstituent,LinearWallPrimitive,CopingJointDetail,WeatheringAlignmentStatePoint,ParapetInspectionPoint,AtomicParapetRegion,PARAPET,geometry,OM5_L5_RoofSystem_ParapetAssembly_CourtyardFrontParapetComponent_CopingWallFeature_CourtyardFrontParapetLeaf,OM20_T0211_L20_AtomicParapetRegion,
T0212,OM20_Building_001,RoofSystem,ParapetAssembly,CourtyardLeftParapetComponent,CopingWallFeature,CourtyardLeftParapetLeaf,RoofEdgePartFamily,ParapetAssembly,WallCopingSubassembly,ParapetElement,WallCapSubelement,EdgeReturnFeature,RoofFacadeInterface,FlashingFinishLayer,ParapetMaterialSystem,ConcreteMetalConstituent,LinearWallPrimitive,CopingJointDetail,WeatheringAlignmentStatePoint,ParapetInspectionPoint,AtomicParapetRegion,PARAPET,geometry,OM5_L5_RoofSystem_ParapetAssembly_CourtyardLeftParapetComponent_CopingWallFeature_CourtyardLeftParapetLeaf,OM20_T0212_L20_AtomicParapetRegion,
T0213,OM20_Building_001,RoofSystem,ParapetAssembly,CourtyardRightParapetComponent,CopingWallFeature,CourtyardRightParapetLeaf,RoofEdgePartFamily,ParapetAssembly,WallCopingSubassembly,ParapetElement,WallCapSubelement,EdgeReturnFeature,RoofFacadeInterface,FlashingFinishLayer,ParapetMaterialSystem,ConcreteMetalConstituent,LinearWallPrimitive,CopingJointDetail,WeatheringAlignmentStatePoint,ParapetInspectionPoint,AtomicParapetRegion,PARAPET,geometry,OM5_L5_RoofSystem_ParapetAssembly_CourtyardRightParapetComponent_CopingWallFeature_CourtyardRightParapetLeaf,OM20_T0213_L20_AtomicParapetRegion,
T0214,OM20_Building_001,RoofSystem,DaylightAssembly,LobbySkylightComponent,GlazingFeature,LobbySkylightGlassLeaf,FenestrationPartFamily,GlazingAssembly,PaneFrameSubassembly,GlazingElement,PaneSubelement,EdgeFeature,SealInterface,CoatingInterlayer,GlassMaterialSystem,GlassFilmConstituent,OpticalPanePrimitive,BondEdgeDetail,OpticalThermalStatePoint,GlazingInspectionPoint,AtomicGlazingRegion,GLAZING,geometry,OM5_L5_RoofSystem_DaylightAssembly_LobbySkylightComponent_GlazingFeature_LobbySkylightGlassLeaf,OM20_T0214_L20_AtomicGlazingRegion,
T0215,OM20_Building_001,RoofSystem,DaylightAssembly,LobbySkylightComponent,FrameFeature,LobbySkylightFrameLeaf,OpeningFramePartFamily,FrameAssembly,JambSillHeadSubassembly,FrameMemberElement,ProfileSubelement,RebateEdgeFeature,GlazingWallInterface,ThermalBreakFinishLayer,FrameMaterialSystem,AlloyPolymerConstituent,ExtrudedProfilePrimitive,CornerFixingDetail,AlignmentOperationStatePoint,FrameInspectionPoint,AtomicFrameRegion,FRAME,geometry,OM5_L5_RoofSystem_DaylightAssembly_LobbySkylightComponent_FrameFeature_LobbySkylightFrameLeaf,OM20_T0215_L20_AtomicFrameRegion,
T0216,OM20_Building_001,RoofSystem,DaylightAssembly,OfficeSkylightComponent,GlazingFeature,OfficeSkylightGlassLeaf,FenestrationPartFamily,GlazingAssembly,PaneFrameSubassembly,GlazingElement,PaneSubelement,EdgeFeature,SealInterface,CoatingInterlayer,GlassMaterialSystem,GlassFilmConstituent,OpticalPanePrimitive,BondEdgeDetail,OpticalThermalStatePoint,GlazingInspectionPoint,AtomicGlazingRegion,GLAZING,geometry,OM5_L5_RoofSystem_DaylightAssembly_OfficeSkylightComponent_GlazingFeature_OfficeSkylightGlassLeaf,OM20_T0216_L20_AtomicGlazingRegion,
T0217,OM20_Building_001,RoofSystem,DaylightAssembly,OfficeSkylightComponent,FrameFeature,OfficeSkylightFrameLeaf,OpeningFramePartFamily,FrameAssembly,JambSillHeadSubassembly,FrameMemberElement,ProfileSubelement,RebateEdgeFeature,GlazingWallInterface,ThermalBreakFinishLayer,FrameMaterialSystem,AlloyPolymerConstituent,ExtrudedProfilePrimitive,CornerFixingDetail,AlignmentOperationStatePoint,FrameInspectionPoint,AtomicFrameRegion,FRAME,geometry,OM5_L5_RoofSystem_DaylightAssembly_OfficeSkylightComponent_FrameFeature_OfficeSkylightFrameLeaf,OM20_T0217_L20_AtomicFrameRegion,
T0218,OM20_Building_001,RoofSystem,SolarArrayAssembly,PVModuleComponent,PanelFeature,SolarPanel1Leaf,EnergyPartFamily,PVArrayAssembly,ModuleSubassembly,PhotovoltaicElement,CellLaminateSubelement,FrameEdgeFeature,RoofElectricalInterface,GlassEncapsulantLayer,PhotovoltaicMaterialSystem,SiliconMetalPolymerConstituent,PanelPrimitive,ClampConnectorDetail,GenerationFaultStatePoint,PVInspectionPoint,AtomicPVRegion,PV_MODULE,geometry,OM5_L5_RoofSystem_SolarArrayAssembly_PVModuleComponent_PanelFeature_SolarPanel1Leaf,OM20_T0218_L20_AtomicPVRegion,
T0219,OM20_Building_001,RoofSystem,SolarArrayAssembly,PVModuleComponent,PanelFeature,SolarPanel2Leaf,EnergyPartFamily,PVArrayAssembly,ModuleSubassembly,PhotovoltaicElement,CellLaminateSubelement,FrameEdgeFeature,RoofElectricalInterface,GlassEncapsulantLayer,PhotovoltaicMaterialSystem,SiliconMetalPolymerConstituent,PanelPrimitive,ClampConnectorDetail,GenerationFaultStatePoint,PVInspectionPoint,AtomicPVRegion,PV_MODULE,geometry,OM5_L5_RoofSystem_SolarArrayAssembly_PVModuleComponent_PanelFeature_SolarPanel2Leaf,OM20_T0219_L20_AtomicPVRegion,
T0220,OM20_Building_001,RoofSystem,SolarArrayAssembly,PVModuleComponent,PanelFeature,SolarPanel3Leaf,EnergyPartFamily,PVArrayAssembly,ModuleSubassembly,PhotovoltaicElement,CellLaminateSubelement,FrameEdgeFeature,RoofElectricalInterface,GlassEncapsulantLayer,PhotovoltaicMaterialSystem,SiliconMetalPolymerConstituent,PanelPrimitive,ClampConnectorDetail,GenerationFaultStatePoint,PVInspectionPoint,AtomicPVRegion,PV_MODULE,geometry,OM5_L5_RoofSystem_SolarArrayAssembly_PVModuleComponent_PanelFeature_SolarPanel3Leaf,OM20_T0220_L20_AtomicPVRegion,
T0221,OM20_Building_001,RoofSystem,SolarArrayAssembly,PVModuleComponent,PanelFeature,SolarPanel4Leaf,EnergyPartFamily,PVArrayAssembly,ModuleSubassembly,PhotovoltaicElement,CellLaminateSubelement,FrameEdgeFeature,RoofElectricalInterface,GlassEncapsulantLayer,PhotovoltaicMaterialSystem,SiliconMetalPolymerConstituent,PanelPrimitive,ClampConnectorDetail,GenerationFaultStatePoint,PVInspectionPoint,AtomicPVRegion,PV_MODULE,geometry,OM5_L5_RoofSystem_SolarArrayAssembly_PVModuleComponent_PanelFeature_SolarPanel4Leaf,OM20_T0221_L20_AtomicPVRegion,
T0222,OM20_Building_001,RoofSystem,SolarArrayAssembly,PVModuleComponent,PanelFeature,SolarPanel5Leaf,EnergyPartFamily,PVArrayAssembly,ModuleSubassembly,PhotovoltaicElement,CellLaminateSubelement,FrameEdgeFeature,RoofElectricalInterface,GlassEncapsulantLayer,PhotovoltaicMaterialSystem,SiliconMetalPolymerConstituent,PanelPrimitive,ClampConnectorDetail,GenerationFaultStatePoint,PVInspectionPoint,AtomicPVRegion,PV_MODULE,geometry,OM5_L5_RoofSystem_SolarArrayAssembly_PVModuleComponent_PanelFeature_SolarPanel5Leaf,OM20_T0222_L20_AtomicPVRegion,
T0223,OM20_Building_001,RoofSystem,SolarArrayAssembly,PVModuleComponent,PanelFeature,SolarPanel6Leaf,EnergyPartFamily,PVArrayAssembly,ModuleSubassembly,PhotovoltaicElement,CellLaminateSubelement,FrameEdgeFeature,RoofElectricalInterface,GlassEncapsulantLayer,PhotovoltaicMaterialSystem,SiliconMetalPolymerConstituent,PanelPrimitive,ClampConnectorDetail,GenerationFaultStatePoint,PVInspectionPoint,AtomicPVRegion,PV_MODULE,geometry,OM5_L5_RoofSystem_SolarArrayAssembly_PVModuleComponent_PanelFeature_SolarPanel6Leaf,OM20_T0223_L20_AtomicPVRegion,
T0224,OM20_Building_001,RoofSystem,SolarArrayAssembly,PVModuleComponent,PanelFeature,SolarPanel7Leaf,EnergyPartFamily,PVArrayAssembly,ModuleSubassembly,PhotovoltaicElement,CellLaminateSubelement,FrameEdgeFeature,RoofElectricalInterface,GlassEncapsulantLayer,PhotovoltaicMaterialSystem,SiliconMetalPolymerConstituent,PanelPrimitive,ClampConnectorDetail,GenerationFaultStatePoint,PVInspectionPoint,AtomicPVRegion,PV_MODULE,geometry,OM5_L5_RoofSystem_SolarArrayAssembly_PVModuleComponent_PanelFeature_SolarPanel7Leaf,OM20_T0224_L20_AtomicPVRegion,
T0225,OM20_Building_001,RoofSystem,SolarArrayAssembly,PVModuleComponent,PanelFeature,SolarPanel8Leaf,EnergyPartFamily,PVArrayAssembly,ModuleSubassembly,PhotovoltaicElement,CellLaminateSubelement,FrameEdgeFeature,RoofElectricalInterface,GlassEncapsulantLayer,PhotovoltaicMaterialSystem,SiliconMetalPolymerConstituent,PanelPrimitive,ClampConnectorDetail,GenerationFaultStatePoint,PVInspectionPoint,AtomicPVRegion,PV_MODULE,geometry,OM5_L5_RoofSystem_SolarArrayAssembly_PVModuleComponent_PanelFeature_SolarPanel8Leaf,OM20_T0225_L20_AtomicPVRegion,
T0226,OM20_Building_001,RoofSystem,DrainageAssembly,FrontLeftDownpipeComponent,VerticalPipeFeature,FrontLeftDownpipeLeaf,FluidConveyancePartFamily,PipeRunAssembly,PipeFittingSubassembly,PipeElement,TubeFittingSubelement,EndBranchFeature,PortSupportInterface,InsulationProtectiveLayer,PipeMaterialSystem,MetalPolymerConstituent,CylindricalFlowPrimitive,JointClampDetail,FlowPressureLeakStatePoint,PipeInspectionPoint,AtomicPipeRegion,PIPE,geometry,OM5_L5_RoofSystem_DrainageAssembly_FrontLeftDownpipeComponent_VerticalPipeFeature_FrontLeftDownpipeLeaf,OM20_T0226_L20_AtomicPipeRegion,
T0227,OM20_Building_001,RoofSystem,DrainageAssembly,FrontRightDownpipeComponent,VerticalPipeFeature,FrontRightDownpipeLeaf,FluidConveyancePartFamily,PipeRunAssembly,PipeFittingSubassembly,PipeElement,TubeFittingSubelement,EndBranchFeature,PortSupportInterface,InsulationProtectiveLayer,PipeMaterialSystem,MetalPolymerConstituent,CylindricalFlowPrimitive,JointClampDetail,FlowPressureLeakStatePoint,PipeInspectionPoint,AtomicPipeRegion,PIPE,geometry,OM5_L5_RoofSystem_DrainageAssembly_FrontRightDownpipeComponent_VerticalPipeFeature_FrontRightDownpipeLeaf,OM20_T0227_L20_AtomicPipeRegion,
T0228,OM20_Building_001,RoofSystem,DrainageAssembly,RearLeftDownpipeComponent,VerticalPipeFeature,RearLeftDownpipeLeaf,FluidConveyancePartFamily,PipeRunAssembly,PipeFittingSubassembly,PipeElement,TubeFittingSubelement,EndBranchFeature,PortSupportInterface,InsulationProtectiveLayer,PipeMaterialSystem,MetalPolymerConstituent,CylindricalFlowPrimitive,JointClampDetail,FlowPressureLeakStatePoint,PipeInspectionPoint,AtomicPipeRegion,PIPE,geometry,OM5_L5_RoofSystem_DrainageAssembly_RearLeftDownpipeComponent_VerticalPipeFeature_RearLeftDownpipeLeaf,OM20_T0228_L20_AtomicPipeRegion,
T0229,OM20_Building_001,RoofSystem,DrainageAssembly,RearRightDownpipeComponent,VerticalPipeFeature,RearRightDownpipeLeaf,FluidConveyancePartFamily,PipeRunAssembly,PipeFittingSubassembly,PipeElement,TubeFittingSubelement,EndBranchFeature,PortSupportInterface,InsulationProtectiveLayer,PipeMaterialSystem,MetalPolymerConstituent,CylindricalFlowPrimitive,JointClampDetail,FlowPressureLeakStatePoint,PipeInspectionPoint,AtomicPipeRegion,PIPE,geometry,OM5_L5_RoofSystem_DrainageAssembly_RearRightDownpipeComponent_VerticalPipeFeature_RearRightDownpipeLeaf,OM20_T0229_L20_AtomicPipeRegion,
T0230,OM20_Building_001,ServicesSystem,PlumbingAssembly,ColdWaterRiserComponent,PipeRunFeature,ColdWaterRiserLeaf,FluidConveyancePartFamily,PipeRunAssembly,PipeFittingSubassembly,PipeElement,TubeFittingSubelement,EndBranchFeature,PortSupportInterface,InsulationProtectiveLayer,PipeMaterialSystem,MetalPolymerConstituent,CylindricalFlowPrimitive,JointClampDetail,FlowPressureLeakStatePoint,PipeInspectionPoint,AtomicPipeRegion,PIPE,geometry,OM5_L5_ServicesSystem_PlumbingAssembly_ColdWaterRiserComponent_PipeRunFeature_ColdWaterRiserLeaf,OM20_T0230_L20_AtomicPipeRegion,
T0231,OM20_Building_001,ServicesSystem,PlumbingAssembly,HotWaterRiserComponent,PipeRunFeature,HotWaterRiserLeaf,FluidConveyancePartFamily,PipeRunAssembly,PipeFittingSubassembly,PipeElement,TubeFittingSubelement,EndBranchFeature,PortSupportInterface,InsulationProtectiveLayer,PipeMaterialSystem,MetalPolymerConstituent,CylindricalFlowPrimitive,JointClampDetail,FlowPressureLeakStatePoint,PipeInspectionPoint,AtomicPipeRegion,PIPE,geometry,OM5_L5_ServicesSystem_PlumbingAssembly_HotWaterRiserComponent_PipeRunFeature_HotWaterRiserLeaf,OM20_T0231_L20_AtomicPipeRegion,
T0232,OM20_Building_001,ServicesSystem,PlumbingAssembly,SanitaryStackComponent,PipeRunFeature,SanitaryStackLeaf,FluidConveyancePartFamily,PipeRunAssembly,PipeFittingSubassembly,PipeElement,TubeFittingSubelement,EndBranchFeature,PortSupportInterface,InsulationProtectiveLayer,PipeMaterialSystem,MetalPolymerConstituent,CylindricalFlowPrimitive,JointClampDetail,FlowPressureLeakStatePoint,PipeInspectionPoint,AtomicPipeRegion,PIPE,geometry,OM5_L5_ServicesSystem_PlumbingAssembly_SanitaryStackComponent_PipeRunFeature_SanitaryStackLeaf,OM20_T0232_L20_AtomicPipeRegion,
T0233,OM20_Building_001,ServicesSystem,PlumbingAssembly,CourtyardDrainComponent,DrainFeature,CourtyardDrainLeaf,FluidConveyancePartFamily,PipeRunAssembly,PipeFittingSubassembly,PipeElement,TubeFittingSubelement,EndBranchFeature,PortSupportInterface,InsulationProtectiveLayer,PipeMaterialSystem,MetalPolymerConstituent,CylindricalFlowPrimitive,JointClampDetail,FlowPressureLeakStatePoint,PipeInspectionPoint,AtomicPipeRegion,PIPE,geometry,OM5_L5_ServicesSystem_PlumbingAssembly_CourtyardDrainComponent_DrainFeature_CourtyardDrainLeaf,OM20_T0233_L20_AtomicPipeRegion,
T0234,OM20_Building_001,ServicesSystem,ElectricalAssembly,MainPanelComponent,PanelEnclosureFeature,MainPanelLeaf,ElectricalPartFamily,DistributionAssembly,CircuitEnclosureSubassembly,ElectricalElement,ConductorDeviceSubelement,TerminalFeature,PowerControlInterface,InsulationProtectiveLayer,ElectricalMaterialSystem,CopperPolymerConstituent,ConductorEnclosurePrimitive,TerminalJointDetail,VoltageCurrentFaultStatePoint,ElectricalInspectionPoint,AtomicElectricalRegion,ELECTRICAL,geometry,OM5_L5_ServicesSystem_ElectricalAssembly_MainPanelComponent_PanelEnclosureFeature_MainPanelLeaf,OM20_T0234_L20_AtomicElectricalRegion,
T0235,OM20_Building_001,ServicesSystem,ElectricalAssembly,DistributionConduitComponent,ConduitRunFeature,RoofConduitLeaf,ElectricalPartFamily,DistributionAssembly,CircuitEnclosureSubassembly,ElectricalElement,ConductorDeviceSubelement,TerminalFeature,PowerControlInterface,InsulationProtectiveLayer,ElectricalMaterialSystem,CopperPolymerConstituent,ConductorEnclosurePrimitive,TerminalJointDetail,VoltageCurrentFaultStatePoint,ElectricalInspectionPoint,AtomicElectricalRegion,ELECTRICAL,geometry,OM5_L5_ServicesSystem_ElectricalAssembly_DistributionConduitComponent_ConduitRunFeature_RoofConduitLeaf,OM20_T0235_L20_AtomicElectricalRegion,
T0236,OM20_Building_001,ServicesSystem,ElectricalAssembly,LightingCircuitComponent,ControlledPointFeature,LightCircuitPoint1Leaf,RelationshipPartFamily,RelationshipAssembly,SourceTargetSubassembly,RelationElement,RoleSubelement,SemanticFeature,SourceTargetInterface,ConstraintMetadataLayer,RelationshipInformationSystem,IdentifierParameterConstituent,LogicalEdgePrimitive,CardinalityBoundaryDetail,RelationStatePoint,ProvenanceEvidencePoint,AtomicRelationshipAssertion,RELATIONSHIP_ASSERTION,semantic,OM5_L5_ServicesSystem_ElectricalAssembly_LightingCircuitComponent_ControlledPointFeature_LightCircuitPoint1Leaf,OM20_T0236_L20_AtomicRelationshipAssertion,Semantic electrical connection to corresponding luminaire.
T0237,OM20_Building_001,ServicesSystem,ElectricalAssembly,LightingCircuitComponent,ControlledPointFeature,LightCircuitPoint2Leaf,RelationshipPartFamily,RelationshipAssembly,SourceTargetSubassembly,RelationElement,RoleSubelement,SemanticFeature,SourceTargetInterface,ConstraintMetadataLayer,RelationshipInformationSystem,IdentifierParameterConstituent,LogicalEdgePrimitive,CardinalityBoundaryDetail,RelationStatePoint,ProvenanceEvidencePoint,AtomicRelationshipAssertion,RELATIONSHIP_ASSERTION,semantic,OM5_L5_ServicesSystem_ElectricalAssembly_LightingCircuitComponent_ControlledPointFeature_LightCircuitPoint2Leaf,OM20_T0237_L20_AtomicRelationshipAssertion,Semantic electrical connection to corresponding luminaire.
T0238,OM20_Building_001,ServicesSystem,ElectricalAssembly,LightingCircuitComponent,ControlledPointFeature,LightCircuitPoint3Leaf,RelationshipPartFamily,RelationshipAssembly,SourceTargetSubassembly,RelationElement,RoleSubelement,SemanticFeature,SourceTargetInterface,ConstraintMetadataLayer,RelationshipInformationSystem,IdentifierParameterConstituent,LogicalEdgePrimitive,CardinalityBoundaryDetail,RelationStatePoint,ProvenanceEvidencePoint,AtomicRelationshipAssertion,RELATIONSHIP_ASSERTION,semantic,OM5_L5_ServicesSystem_ElectricalAssembly_LightingCircuitComponent_ControlledPointFeature_LightCircuitPoint3Leaf,OM20_T0238_L20_AtomicRelationshipAssertion,Semantic electrical connection to corresponding luminaire.
T0239,OM20_Building_001,ServicesSystem,ElectricalAssembly,LightingCircuitComponent,ControlledPointFeature,LightCircuitPoint4Leaf,RelationshipPartFamily,RelationshipAssembly,SourceTargetSubassembly,RelationElement,RoleSubelement,SemanticFeature,SourceTargetInterface,ConstraintMetadataLayer,RelationshipInformationSystem,IdentifierParameterConstituent,LogicalEdgePrimitive,CardinalityBoundaryDetail,RelationStatePoint,ProvenanceEvidencePoint,AtomicRelationshipAssertion,RELATIONSHIP_ASSERTION,semantic,OM5_L5_ServicesSystem_ElectricalAssembly_LightingCircuitComponent_ControlledPointFeature_LightCircuitPoint4Leaf,OM20_T0239_L20_AtomicRelationshipAssertion,Semantic electrical connection to corresponding luminaire.
T0240,OM20_Building_001,ServicesSystem,ElectricalAssembly,LightingCircuitComponent,ControlledPointFeature,LightCircuitPoint5Leaf,RelationshipPartFamily,RelationshipAssembly,SourceTargetSubassembly,RelationElement,RoleSubelement,SemanticFeature,SourceTargetInterface,ConstraintMetadataLayer,RelationshipInformationSystem,IdentifierParameterConstituent,LogicalEdgePrimitive,CardinalityBoundaryDetail,RelationStatePoint,ProvenanceEvidencePoint,AtomicRelationshipAssertion,RELATIONSHIP_ASSERTION,semantic,OM5_L5_ServicesSystem_ElectricalAssembly_LightingCircuitComponent_ControlledPointFeature_LightCircuitPoint5Leaf,OM20_T0240_L20_AtomicRelationshipAssertion,Semantic electrical connection to corresponding luminaire.
T0241,OM20_Building_001,ServicesSystem,HVACAssembly,OutdoorHeatPumpComponent,EquipmentBodyFeature,OutdoorHeatPumpLeaf,MechanicalServicesPartFamily,HVACAssembly,ThermalAirflowSubassembly,HVACElement,FanCoilHousingSubelement,IntakeDischargeFeature,AirRefrigerantDrainInterface,InsulationFilterLayer,HVACMaterialSystem,MetalPolymerRefrigerantConstituent,EquipmentDuctPrimitive,MountConnectionDetail,TemperatureFlowFaultStatePoint,HVACInspectionPoint,AtomicHVACRegion,HVAC,geometry,OM5_L5_ServicesSystem_HVACAssembly_OutdoorHeatPumpComponent_EquipmentBodyFeature_OutdoorHeatPumpLeaf,OM20_T0241_L20_AtomicHVACRegion,
T0242,OM20_Building_001,ServicesSystem,HVACAssembly,LoungeIndoorUnitComponent,EquipmentBodyFeature,LoungeIndoorUnitLeaf,MechanicalServicesPartFamily,HVACAssembly,ThermalAirflowSubassembly,HVACElement,FanCoilHousingSubelement,IntakeDischargeFeature,AirRefrigerantDrainInterface,InsulationFilterLayer,HVACMaterialSystem,MetalPolymerRefrigerantConstituent,EquipmentDuctPrimitive,MountConnectionDetail,TemperatureFlowFaultStatePoint,HVACInspectionPoint,AtomicHVACRegion,HVAC,geometry,OM5_L5_ServicesSystem_HVACAssembly_LoungeIndoorUnitComponent_EquipmentBodyFeature_LoungeIndoorUnitLeaf,OM20_T0242_L20_AtomicHVACRegion,
T0243,OM20_Building_001,ServicesSystem,HVACAssembly,OfficeIndoorUnitComponent,EquipmentBodyFeature,OfficeIndoorUnitLeaf,MechanicalServicesPartFamily,HVACAssembly,ThermalAirflowSubassembly,HVACElement,FanCoilHousingSubelement,IntakeDischargeFeature,AirRefrigerantDrainInterface,InsulationFilterLayer,HVACMaterialSystem,MetalPolymerRefrigerantConstituent,EquipmentDuctPrimitive,MountConnectionDetail,TemperatureFlowFaultStatePoint,HVACInspectionPoint,AtomicHVACRegion,HVAC,geometry,OM5_L5_ServicesSystem_HVACAssembly_OfficeIndoorUnitComponent_EquipmentBodyFeature_OfficeIndoorUnitLeaf,OM20_T0243_L20_AtomicHVACRegion,
T0244,OM20_Building_001,ServicesSystem,HVACAssembly,BathroomExhaustComponent,FanFeature,BathroomExhaustLeaf,MechanicalServicesPartFamily,HVACAssembly,ThermalAirflowSubassembly,HVACElement,FanCoilHousingSubelement,IntakeDischargeFeature,AirRefrigerantDrainInterface,InsulationFilterLayer,HVACMaterialSystem,MetalPolymerRefrigerantConstituent,EquipmentDuctPrimitive,MountConnectionDetail,TemperatureFlowFaultStatePoint,HVACInspectionPoint,AtomicHVACRegion,HVAC,geometry,OM5_L5_ServicesSystem_HVACAssembly_BathroomExhaustComponent_FanFeature_BathroomExhaustLeaf,OM20_T0244_L20_AtomicHVACRegion,
T0245,OM20_Building_001,ServicesSystem,FireSafetyAssembly,GroundSmokeAlarmComponent,DetectorFeature,SmokeAlarmLeaf,LifeSafetyPartFamily,FireSafetyAssembly,DetectionSuppressionSubassembly,FireSafetyElement,SensorCylinderSignSubelement,ActivationDischargeFeature,AlarmMountInterface,ProtectiveIndicatorLayer,FireSafetyMaterialSystem,GlassMetalChemicalConstituent,DevicePrimitive,MountTriggerDetail,AlarmPressureStatePoint,FireSafetyInspectionPoint,AtomicFireSafetyRegion,FIRE_SAFETY,geometry,OM5_L5_ServicesSystem_FireSafetyAssembly_GroundSmokeAlarmComponent_DetectorFeature_SmokeAlarmLeaf,OM20_T0245_L20_AtomicFireSafetyRegion,
T0246,OM20_Building_001,ServicesSystem,FireSafetyAssembly,ExtinguisherComponent,CylinderFeature,ExtinguisherLeaf,LifeSafetyPartFamily,FireSafetyAssembly,DetectionSuppressionSubassembly,FireSafetyElement,SensorCylinderSignSubelement,ActivationDischargeFeature,AlarmMountInterface,ProtectiveIndicatorLayer,FireSafetyMaterialSystem,GlassMetalChemicalConstituent,DevicePrimitive,MountTriggerDetail,AlarmPressureStatePoint,FireSafetyInspectionPoint,AtomicFireSafetyRegion,FIRE_SAFETY,geometry,OM5_L5_ServicesSystem_FireSafetyAssembly_ExtinguisherComponent_CylinderFeature_ExtinguisherLeaf,OM20_T0246_L20_AtomicFireSafetyRegion,
T0247,OM20_Building_001,ServicesSystem,FireSafetyAssembly,ExitLightComponent,LuminaireFeature,ExitLightLeaf,LifeSafetyPartFamily,FireSafetyAssembly,DetectionSuppressionSubassembly,FireSafetyElement,SensorCylinderSignSubelement,ActivationDischargeFeature,AlarmMountInterface,ProtectiveIndicatorLayer,FireSafetyMaterialSystem,GlassMetalChemicalConstituent,DevicePrimitive,MountTriggerDetail,AlarmPressureStatePoint,FireSafetyInspectionPoint,AtomicFireSafetyRegion,FIRE_SAFETY,geometry,OM5_L5_ServicesSystem_FireSafetyAssembly_ExitLightComponent_LuminaireFeature_ExitLightLeaf,OM20_T0247_L20_AtomicFireSafetyRegion,
T0248,OM20_Building_001,ExternalAmenitySystem,CourtyardAssembly,CourtyardDeckComponent,DeckSurfaceFeature,CourtyardDeckLeaf,ExternalFloorPartFamily,DeckAssembly,SurfaceSupportSubassembly,DeckElement,BoardSlabSubelement,EdgeDrainFeature,GroundBuildingInterface,FinishWaterproofLayer,DeckMaterialSystem,TimberStoneConcreteConstituent,PlanarDeckPrimitive,JointSupportDetail,WearDrainageStatePoint,DeckInspectionPoint,AtomicDeckRegion,DECK,geometry,OM5_L5_ExternalAmenitySystem_CourtyardAssembly_CourtyardDeckComponent_DeckSurfaceFeature_CourtyardDeckLeaf,OM20_T0248_L20_AtomicDeckRegion,
T0249,OM20_Building_001,ExternalAmenitySystem,CourtyardAssembly,PergolaComponent,PostFeature,PergolaPostFLLeaf,StructuralMemberPartFamily,FramingAssembly,MemberSubassembly,BeamPostElement,SectionSubelement,EndFaceFeature,SupportConnectionInterface,ProtectiveFinishLayer,StructuralMaterialSystem,AlloyTimberConcreteConstituent,LinearMemberPrimitive,JointFastenerDetail,LoadDeflectionStatePoint,MemberInspectionPoint,AtomicMemberRegion,STRUCTURAL_MEMBER,geometry,OM5_L5_ExternalAmenitySystem_CourtyardAssembly_PergolaComponent_PostFeature_PergolaPostFLLeaf,OM20_T0249_L20_AtomicMemberRegion,
T0250,OM20_Building_001,ExternalAmenitySystem,CourtyardAssembly,PergolaComponent,PostFeature,PergolaPostFRLeaf,StructuralMemberPartFamily,FramingAssembly,MemberSubassembly,BeamPostElement,SectionSubelement,EndFaceFeature,SupportConnectionInterface,ProtectiveFinishLayer,StructuralMaterialSystem,AlloyTimberConcreteConstituent,LinearMemberPrimitive,JointFastenerDetail,LoadDeflectionStatePoint,MemberInspectionPoint,AtomicMemberRegion,STRUCTURAL_MEMBER,geometry,OM5_L5_ExternalAmenitySystem_CourtyardAssembly_PergolaComponent_PostFeature_PergolaPostFRLeaf,OM20_T0250_L20_AtomicMemberRegion,
T0251,OM20_Building_001,ExternalAmenitySystem,CourtyardAssembly,PergolaComponent,PostFeature,PergolaPostRLLeaf,StructuralMemberPartFamily,FramingAssembly,MemberSubassembly,BeamPostElement,SectionSubelement,EndFaceFeature,SupportConnectionInterface,ProtectiveFinishLayer,StructuralMaterialSystem,AlloyTimberConcreteConstituent,LinearMemberPrimitive,JointFastenerDetail,LoadDeflectionStatePoint,MemberInspectionPoint,AtomicMemberRegion,STRUCTURAL_MEMBER,geometry,OM5_L5_ExternalAmenitySystem_CourtyardAssembly_PergolaComponent_PostFeature_PergolaPostRLLeaf,OM20_T0251_L20_AtomicMemberRegion,
T0252,OM20_Building_001,ExternalAmenitySystem,CourtyardAssembly,PergolaComponent,PostFeature,PergolaPostRRLeaf,StructuralMemberPartFamily,FramingAssembly,MemberSubassembly,BeamPostElement,SectionSubelement,EndFaceFeature,SupportConnectionInterface,ProtectiveFinishLayer,StructuralMaterialSystem,AlloyTimberConcreteConstituent,LinearMemberPrimitive,JointFastenerDetail,LoadDeflectionStatePoint,MemberInspectionPoint,AtomicMemberRegion,STRUCTURAL_MEMBER,geometry,OM5_L5_ExternalAmenitySystem_CourtyardAssembly_PergolaComponent_PostFeature_PergolaPostRRLeaf,OM20_T0252_L20_AtomicMemberRegion,
T0253,OM20_Building_001,ExternalAmenitySystem,CourtyardAssembly,PergolaComponent,BeamFeature,PergolaBeam1Leaf,StructuralMemberPartFamily,FramingAssembly,MemberSubassembly,BeamPostElement,SectionSubelement,EndFaceFeature,SupportConnectionInterface,ProtectiveFinishLayer,StructuralMaterialSystem,AlloyTimberConcreteConstituent,LinearMemberPrimitive,JointFastenerDetail,LoadDeflectionStatePoint,MemberInspectionPoint,AtomicMemberRegion,STRUCTURAL_MEMBER,geometry,OM5_L5_ExternalAmenitySystem_CourtyardAssembly_PergolaComponent_BeamFeature_PergolaBeam1Leaf,OM20_T0253_L20_AtomicMemberRegion,
T0254,OM20_Building_001,ExternalAmenitySystem,CourtyardAssembly,PergolaComponent,BeamFeature,PergolaBeam2Leaf,StructuralMemberPartFamily,FramingAssembly,MemberSubassembly,BeamPostElement,SectionSubelement,EndFaceFeature,SupportConnectionInterface,ProtectiveFinishLayer,StructuralMaterialSystem,AlloyTimberConcreteConstituent,LinearMemberPrimitive,JointFastenerDetail,LoadDeflectionStatePoint,MemberInspectionPoint,AtomicMemberRegion,STRUCTURAL_MEMBER,geometry,OM5_L5_ExternalAmenitySystem_CourtyardAssembly_PergolaComponent_BeamFeature_PergolaBeam2Leaf,OM20_T0254_L20_AtomicMemberRegion,
T0255,OM20_Building_001,ExternalAmenitySystem,CourtyardAssembly,PergolaComponent,BeamFeature,PergolaBeam3Leaf,StructuralMemberPartFamily,FramingAssembly,MemberSubassembly,BeamPostElement,SectionSubelement,EndFaceFeature,SupportConnectionInterface,ProtectiveFinishLayer,StructuralMaterialSystem,AlloyTimberConcreteConstituent,LinearMemberPrimitive,JointFastenerDetail,LoadDeflectionStatePoint,MemberInspectionPoint,AtomicMemberRegion,STRUCTURAL_MEMBER,geometry,OM5_L5_ExternalAmenitySystem_CourtyardAssembly_PergolaComponent_BeamFeature_PergolaBeam3Leaf,OM20_T0255_L20_AtomicMemberRegion,
T0256,OM20_Building_001,ExternalAmenitySystem,CourtyardAssembly,PergolaComponent,BeamFeature,PergolaBeam4Leaf,StructuralMemberPartFamily,FramingAssembly,MemberSubassembly,BeamPostElement,SectionSubelement,EndFaceFeature,SupportConnectionInterface,ProtectiveFinishLayer,StructuralMaterialSystem,AlloyTimberConcreteConstituent,LinearMemberPrimitive,JointFastenerDetail,LoadDeflectionStatePoint,MemberInspectionPoint,AtomicMemberRegion,STRUCTURAL_MEMBER,geometry,OM5_L5_ExternalAmenitySystem_CourtyardAssembly_PergolaComponent_BeamFeature_PergolaBeam4Leaf,OM20_T0256_L20_AtomicMemberRegion,
T0257,OM20_Building_001,ExternalAmenitySystem,CourtyardAssembly,WaterFeatureComponent,BasinFeature,WaterBasinLeaf,WaterFeaturePartFamily,BasinWaterAssembly,HydraulicSubassembly,WaterFeatureElement,BasinSurfaceSubelement,EdgeOverflowFeature,WaterDrainInterface,WaterproofFinishLayer,WaterFeatureMaterialSystem,WaterGlassConcreteConstituent,BasinSurfacePrimitive,SealDrainDetail,WaterLevelQualityStatePoint,WaterFeatureInspectionPoint,AtomicWaterFeatureRegion,WATER_FEATURE,geometry,OM5_L5_ExternalAmenitySystem_CourtyardAssembly_WaterFeatureComponent_BasinFeature_WaterBasinLeaf,OM20_T0257_L20_AtomicWaterFeatureRegion,
T0258,OM20_Building_001,ExternalAmenitySystem,CourtyardAssembly,WaterFeatureComponent,WaterSurfaceFeature,WaterSurfaceLeaf,WaterFeaturePartFamily,BasinWaterAssembly,HydraulicSubassembly,WaterFeatureElement,BasinSurfaceSubelement,EdgeOverflowFeature,WaterDrainInterface,WaterproofFinishLayer,WaterFeatureMaterialSystem,WaterGlassConcreteConstituent,BasinSurfacePrimitive,SealDrainDetail,WaterLevelQualityStatePoint,WaterFeatureInspectionPoint,AtomicWaterFeatureRegion,WATER_FEATURE,geometry,OM5_L5_ExternalAmenitySystem_CourtyardAssembly_WaterFeatureComponent_WaterSurfaceFeature_WaterSurfaceLeaf,OM20_T0258_L20_AtomicWaterFeatureRegion,
T0259,OM20_Building_001,ExternalAmenitySystem,CourtyardAssembly,BenchComponent,SeatFeature,CourtyardBenchSeatLeaf,FurniturePartFamily,FurnitureAssembly,FrameSurfaceSubassembly,FurnitureElement,PanelLegCushionSubelement,EdgeJointFeature,FloorUserInterface,FinishUpholsteryLayer,FurnitureMaterialSystem,TimberMetalFabricConstituent,FurniturePrimitive,JointFastenerDetail,LoadUseStatePoint,FurnitureInspectionPoint,AtomicFurnitureRegion,FURNITURE,geometry,OM5_L5_ExternalAmenitySystem_CourtyardAssembly_BenchComponent_SeatFeature_CourtyardBenchSeatLeaf,OM20_T0259_L20_AtomicFurnitureRegion,
T0260,OM20_Building_001,ExternalAmenitySystem,CourtyardAssembly,BenchComponent,SupportFeature,CourtyardBenchSupportsLeaf,FurniturePartFamily,FurnitureAssembly,FrameSurfaceSubassembly,FurnitureElement,PanelLegCushionSubelement,EdgeJointFeature,FloorUserInterface,FinishUpholsteryLayer,FurnitureMaterialSystem,TimberMetalFabricConstituent,FurniturePrimitive,JointFastenerDetail,LoadUseStatePoint,FurnitureInspectionPoint,AtomicFurnitureRegion,FURNITURE,geometry,OM5_L5_ExternalAmenitySystem_CourtyardAssembly_BenchComponent_SupportFeature_CourtyardBenchSupportsLeaf,OM20_T0260_L20_AtomicFurnitureRegion,
T0261,OM20_Building_001,ExternalAmenitySystem,EntryCanopyAssembly,CanopyRoofComponent,MetalPlateFeature,CanopyRoofLeaf,CanopyPartFamily,CanopyAssembly,RoofSupportSubassembly,CanopyElement,PlateGlassColumnSubelement,EdgeDrainFeature,BuildingGroundInterface,FinishSealLayer,CanopyMaterialSystem,MetalGlassConstituent,PlateMemberPrimitive,BracketJointDetail,DeflectionDrainageStatePoint,CanopyInspectionPoint,AtomicCanopyRegion,CANOPY,geometry,OM5_L5_ExternalAmenitySystem_EntryCanopyAssembly_CanopyRoofComponent_MetalPlateFeature_CanopyRoofLeaf,OM20_T0261_L20_AtomicCanopyRegion,
T0262,OM20_Building_001,ExternalAmenitySystem,EntryCanopyAssembly,CanopyRoofComponent,GlassSoffitFeature,CanopyGlassLeaf,CanopyPartFamily,CanopyAssembly,RoofSupportSubassembly,CanopyElement,PlateGlassColumnSubelement,EdgeDrainFeature,BuildingGroundInterface,FinishSealLayer,CanopyMaterialSystem,MetalGlassConstituent,PlateMemberPrimitive,BracketJointDetail,DeflectionDrainageStatePoint,CanopyInspectionPoint,AtomicCanopyRegion,CANOPY,geometry,OM5_L5_ExternalAmenitySystem_EntryCanopyAssembly_CanopyRoofComponent_GlassSoffitFeature_CanopyGlassLeaf,OM20_T0262_L20_AtomicCanopyRegion,
T0263,OM20_Building_001,ExternalAmenitySystem,EntryCanopyAssembly,LeftCanopyColumnComponent,ColumnFeature,LeftCanopyColumnLeaf,CanopyPartFamily,CanopyAssembly,RoofSupportSubassembly,CanopyElement,PlateGlassColumnSubelement,EdgeDrainFeature,BuildingGroundInterface,FinishSealLayer,CanopyMaterialSystem,MetalGlassConstituent,PlateMemberPrimitive,BracketJointDetail,DeflectionDrainageStatePoint,CanopyInspectionPoint,AtomicCanopyRegion,CANOPY,geometry,OM5_L5_ExternalAmenitySystem_EntryCanopyAssembly_LeftCanopyColumnComponent_ColumnFeature_LeftCanopyColumnLeaf,OM20_T0263_L20_AtomicCanopyRegion,
T0264,OM20_Building_001,ExternalAmenitySystem,EntryCanopyAssembly,RightCanopyColumnComponent,ColumnFeature,RightCanopyColumnLeaf,CanopyPartFamily,CanopyAssembly,RoofSupportSubassembly,CanopyElement,PlateGlassColumnSubelement,EdgeDrainFeature,BuildingGroundInterface,FinishSealLayer,CanopyMaterialSystem,MetalGlassConstituent,PlateMemberPrimitive,BracketJointDetail,DeflectionDrainageStatePoint,CanopyInspectionPoint,AtomicCanopyRegion,CANOPY,geometry,OM5_L5_ExternalAmenitySystem_EntryCanopyAssembly_RightCanopyColumnComponent_ColumnFeature_RightCanopyColumnLeaf,OM20_T0264_L20_AtomicCanopyRegion,
T0265,OM20_Building_001,RelationshipSystem,ContainmentAssembly,RoomContainmentComponent,SpatialContainmentFeature,LoungeContainedByFrontWingLeaf,RelationshipPartFamily,RelationshipAssembly,SourceTargetSubassembly,RelationElement,RoleSubelement,SemanticFeature,SourceTargetInterface,ConstraintMetadataLayer,RelationshipInformationSystem,IdentifierParameterConstituent,LogicalEdgePrimitive,CardinalityBoundaryDetail,RelationStatePoint,ProvenanceEvidencePoint,AtomicRelationshipAssertion,RELATIONSHIP_ASSERTION,semantic,OM5_L5_RelationshipSystem_ContainmentAssembly_RoomContainmentComponent_SpatialContainmentFeature_LoungeContainedByFrontWingLeaf,OM20_T0265_L20_AtomicRelationshipAssertion,Lounge is spatially contained by the front wing.
T0266,OM20_Building_001,RelationshipSystem,ContainmentAssembly,RoomContainmentComponent,SpatialContainmentFeature,OfficeContainedByLeftWingLeaf,RelationshipPartFamily,RelationshipAssembly,SourceTargetSubassembly,RelationElement,RoleSubelement,SemanticFeature,SourceTargetInterface,ConstraintMetadataLayer,RelationshipInformationSystem,IdentifierParameterConstituent,LogicalEdgePrimitive,CardinalityBoundaryDetail,RelationStatePoint,ProvenanceEvidencePoint,AtomicRelationshipAssertion,RELATIONSHIP_ASSERTION,semantic,OM5_L5_RelationshipSystem_ContainmentAssembly_RoomContainmentComponent_SpatialContainmentFeature_OfficeContainedByLeftWingLeaf,OM20_T0266_L20_AtomicRelationshipAssertion,Office is spatially contained by the left wing.
T0267,OM20_Building_001,RelationshipSystem,ContainmentAssembly,RoomContainmentComponent,SpatialContainmentFeature,ServiceRoomsContainedByRightWingLeaf,RelationshipPartFamily,RelationshipAssembly,SourceTargetSubassembly,RelationElement,RoleSubelement,SemanticFeature,SourceTargetInterface,ConstraintMetadataLayer,RelationshipInformationSystem,IdentifierParameterConstituent,LogicalEdgePrimitive,CardinalityBoundaryDetail,RelationStatePoint,ProvenanceEvidencePoint,AtomicRelationshipAssertion,RELATIONSHIP_ASSERTION,semantic,OM5_L5_RelationshipSystem_ContainmentAssembly_RoomContainmentComponent_SpatialContainmentFeature_ServiceRoomsContainedByRightWingLeaf,OM20_T0267_L20_AtomicRelationshipAssertion,Bathroom and utility spaces are contained by the right wing.
T0268,OM20_Building_001,RelationshipSystem,ConnectionAssembly,KitchenSinkConnectionComponent,HydraulicInterfaceFeature,SinkConnectedToWaterLeaf,RelationshipPartFamily,RelationshipAssembly,SourceTargetSubassembly,RelationElement,RoleSubelement,SemanticFeature,SourceTargetInterface,ConstraintMetadataLayer,RelationshipInformationSystem,IdentifierParameterConstituent,LogicalEdgePrimitive,CardinalityBoundaryDetail,RelationStatePoint,ProvenanceEvidencePoint,AtomicRelationshipAssertion,RELATIONSHIP_ASSERTION,semantic,OM5_L5_RelationshipSystem_ConnectionAssembly_KitchenSinkConnectionComponent_HydraulicInterfaceFeature_SinkConnectedToWaterLeaf,OM20_T0268_L20_AtomicRelationshipAssertion,Sink cold/hot inlets connect to water risers.
T0269,OM20_Building_001,RelationshipSystem,ConnectionAssembly,KitchenSinkConnectionComponent,DrainInterfaceFeature,SinkDrainsToSanitaryLeaf,RelationshipPartFamily,RelationshipAssembly,SourceTargetSubassembly,RelationElement,RoleSubelement,SemanticFeature,SourceTargetInterface,ConstraintMetadataLayer,RelationshipInformationSystem,IdentifierParameterConstituent,LogicalEdgePrimitive,CardinalityBoundaryDetail,RelationStatePoint,ProvenanceEvidencePoint,AtomicRelationshipAssertion,RELATIONSHIP_ASSERTION,semantic,OM5_L5_RelationshipSystem_ConnectionAssembly_KitchenSinkConnectionComponent_DrainInterfaceFeature_SinkDrainsToSanitaryLeaf,OM20_T0269_L20_AtomicRelationshipAssertion,Sink waste outlet drains to sanitary stack.
T0270,OM20_Building_001,RelationshipSystem,ConnectionAssembly,SolarElectricalConnectionComponent,PowerInterfaceFeature,SolarArrayPowersPanelLeaf,RelationshipPartFamily,RelationshipAssembly,SourceTargetSubassembly,RelationElement,RoleSubelement,SemanticFeature,SourceTargetInterface,ConstraintMetadataLayer,RelationshipInformationSystem,IdentifierParameterConstituent,LogicalEdgePrimitive,CardinalityBoundaryDetail,RelationStatePoint,ProvenanceEvidencePoint,AtomicRelationshipAssertion,RELATIONSHIP_ASSERTION,semantic,OM5_L5_RelationshipSystem_ConnectionAssembly_SolarElectricalConnectionComponent_PowerInterfaceFeature_SolarArrayPowersPanelLeaf,OM20_T0270_L20_AtomicRelationshipAssertion,PV array powers the building electrical panel.
T0271,OM20_Building_001,RelationshipSystem,ConnectionAssembly,HVACConnectionComponent,ThermalServiceFeature,IndoorUnitsServedByOutdoorUnitLeaf,RelationshipPartFamily,RelationshipAssembly,SourceTargetSubassembly,RelationElement,RoleSubelement,SemanticFeature,SourceTargetInterface,ConstraintMetadataLayer,RelationshipInformationSystem,IdentifierParameterConstituent,LogicalEdgePrimitive,CardinalityBoundaryDetail,RelationStatePoint,ProvenanceEvidencePoint,AtomicRelationshipAssertion,RELATIONSHIP_ASSERTION,semantic,OM5_L5_RelationshipSystem_ConnectionAssembly_HVACConnectionComponent_ThermalServiceFeature_IndoorUnitsServedByOutdoorUnitLeaf,OM20_T0271_L20_AtomicRelationshipAssertion,Indoor HVAC units are served by outdoor heat-pump equipment.
T0272,OM20_Building_001,RelationshipSystem,CollisionPositioningAssembly,CabinetFloorConstraintComponent,SupportInterfaceFeature,CabinetSupportedByFloorLeaf,SpatialConstraintPartFamily,CollisionPositioningAssembly,MovingTargetSubassembly,PositionConstraintElement,ContactClearanceSubelement,SearchDirectionFeature,MovingTargetInterface,TolerancePolicyLayer,CollisionInformationSystem,GeometryVersionParameterConstituent,ConstraintLogicPrimitive,ContactBoundaryDetail,SolverStatePoint,ResolutionEvidencePoint,AtomicPositioningAssertion,COLLISION_CONSTRAINT,semantic,OM5_L5_RelationshipSystem_CollisionPositioningAssembly_CabinetFloorConstraintComponent_SupportInterfaceFeature_CabinetSupportedByFloorLeaf,OM20_T0272_L20_AtomicPositioningAssertion,Resolved collision positioning: cabinet bases touch floor finish.
T0273,OM20_Building_001,RelationshipSystem,CollisionPositioningAssembly,CabinetWallConstraintComponent,ClearanceInterfaceFeature,CabinetWallClearanceLeaf,SpatialConstraintPartFamily,CollisionPositioningAssembly,MovingTargetSubassembly,PositionConstraintElement,ContactClearanceSubelement,SearchDirectionFeature,MovingTargetInterface,TolerancePolicyLayer,CollisionInformationSystem,GeometryVersionParameterConstituent,ConstraintLogicPrimitive,ContactBoundaryDetail,SolverStatePoint,ResolutionEvidencePoint,AtomicPositioningAssertion,COLLISION_CONSTRAINT,semantic,OM5_L5_RelationshipSystem_CollisionPositioningAssembly_CabinetWallConstraintComponent_ClearanceInterfaceFeature_CabinetWallClearanceLeaf,OM20_T0273_L20_AtomicPositioningAssertion,Resolved collision positioning: cabinet backs retain a nominal wall gap.
T0274,OM20_Building_001,RelationshipSystem,CollisionPositioningAssembly,SinkSeatConstraintComponent,SeatInterfaceFeature,SinkSeatedInIslandLeaf,SpatialConstraintPartFamily,CollisionPositioningAssembly,MovingTargetSubassembly,PositionConstraintElement,ContactClearanceSubelement,SearchDirectionFeature,MovingTargetInterface,TolerancePolicyLayer,CollisionInformationSystem,GeometryVersionParameterConstituent,ConstraintLogicPrimitive,ContactBoundaryDetail,SolverStatePoint,ResolutionEvidencePoint,AtomicPositioningAssertion,COLLISION_CONSTRAINT,semantic,OM5_L5_RelationshipSystem_CollisionPositioningAssembly_SinkSeatConstraintComponent_SeatInterfaceFeature_SinkSeatedInIslandLeaf,OM20_T0274_L20_AtomicPositioningAssertion,Resolved collision positioning: sink rim seats on island cut-out plane.
T0275,OM20_Building_001,RelationshipSystem,CollisionPositioningAssembly,WindowOpeningConstraintComponent,FrameInterfaceFeature,WindowFramesPositionedInOpeningsLeaf,SpatialConstraintPartFamily,CollisionPositioningAssembly,MovingTargetSubassembly,PositionConstraintElement,ContactClearanceSubelement,SearchDirectionFeature,MovingTargetInterface,TolerancePolicyLayer,CollisionInformationSystem,GeometryVersionParameterConstituent,ConstraintLogicPrimitive,ContactBoundaryDetail,SolverStatePoint,ResolutionEvidencePoint,AtomicPositioningAssertion,COLLISION_CONSTRAINT,semantic,OM5_L5_RelationshipSystem_CollisionPositioningAssembly_WindowOpeningConstraintComponent_FrameInterfaceFeature_WindowFramesPositionedInOpeningsLeaf,OM20_T0275_L20_AtomicPositioningAssertion,Resolved collision positioning: window frames are centered and cleared within wall openings.
T0276,OM20_Building_001,RelationshipSystem,CollisionPositioningAssembly,SolarRoofConstraintComponent,BearingInterfaceFeature,SolarPanelsSupportedByRoofLeaf,SpatialConstraintPartFamily,CollisionPositioningAssembly,MovingTargetSubassembly,PositionConstraintElement,ContactClearanceSubelement,SearchDirectionFeature,MovingTargetInterface,TolerancePolicyLayer,CollisionInformationSystem,GeometryVersionParameterConstituent,ConstraintLogicPrimitive,ContactBoundaryDetail,SolverStatePoint,ResolutionEvidencePoint,AtomicPositioningAssertion,COLLISION_CONSTRAINT,semantic,OM5_L5_RelationshipSystem_CollisionPositioningAssembly_SolarRoofConstraintComponent_BearingInterfaceFeature_SolarPanelsSupportedByRoofLeaf,OM20_T0276_L20_AtomicPositioningAssertion,Resolved collision positioning: solar frames bear on roof supports.
T0277,OM20_Building_001,RelationshipSystem,CollisionPositioningAssembly,HVACPadConstraintComponent,BearingInterfaceFeature,HVACSupportedByServicePadLeaf,SpatialConstraintPartFamily,CollisionPositioningAssembly,MovingTargetSubassembly,PositionConstraintElement,ContactClearanceSubelement,SearchDirectionFeature,MovingTargetInterface,TolerancePolicyLayer,CollisionInformationSystem,GeometryVersionParameterConstituent,ConstraintLogicPrimitive,ContactBoundaryDetail,SolverStatePoint,ResolutionEvidencePoint,AtomicPositioningAssertion,COLLISION_CONSTRAINT,semantic,OM5_L5_RelationshipSystem_CollisionPositioningAssembly_HVACPadConstraintComponent_BearingInterfaceFeature_HVACSupportedByServicePadLeaf,OM20_T0277_L20_AtomicPositioningAssertion,Resolved collision positioning: outdoor HVAC unit bears on service pad.
T0278,OM20_Building_001,RelationshipSystem,ValidationAssembly,ForbiddenCollisionCheckComponent,CollisionPolicyFeature,NoForbiddenCollisionLeaf,AssurancePartFamily,ValidationAssembly,CheckResultSubassembly,ValidationElement,RequirementResultSubelement,DiagnosticFeature,ObjectConstraintInterface,ToleranceEvidenceLayer,AssuranceInformationSystem,CodeMetricConstituent,PredicateLogicPrimitive,PassFailBoundaryDetail,ValidationStatePoint,InspectionEvidencePoint,AtomicValidationAssertion,VALIDATION_RECORD,semantic,OM5_L5_RelationshipSystem_ValidationAssembly_ForbiddenCollisionCheckComponent_CollisionPolicyFeature_NoForbiddenCollisionLeaf,OM20_T0278_L20_AtomicValidationAssertion,Validation record: no forbidden collisions in resolved scene.
T0279,OM20_Building_001,RelationshipSystem,ValidationAssembly,ClearanceCheckComponent,TolerancePolicyFeature,RequiredClearancesVerifiedLeaf,AssurancePartFamily,ValidationAssembly,CheckResultSubassembly,ValidationElement,RequirementResultSubelement,DiagnosticFeature,ObjectConstraintInterface,ToleranceEvidenceLayer,AssuranceInformationSystem,CodeMetricConstituent,PredicateLogicPrimitive,PassFailBoundaryDetail,ValidationStatePoint,InspectionEvidencePoint,AtomicValidationAssertion,VALIDATION_RECORD,semantic,OM5_L5_RelationshipSystem_ValidationAssembly_ClearanceCheckComponent_TolerancePolicyFeature_RequiredClearancesVerifiedLeaf,OM20_T0279_L20_AtomicValidationAssertion,Validation record: selected clearances fall within tolerance.
T0280,OM20_Building_001,RelationshipSystem,ValidationAssembly,ConnectionCheckComponent,ConnectionPolicyFeature,RequiredConnectionsVerifiedLeaf,AssurancePartFamily,ValidationAssembly,CheckResultSubassembly,ValidationElement,RequirementResultSubelement,DiagnosticFeature,ObjectConstraintInterface,ToleranceEvidenceLayer,AssuranceInformationSystem,CodeMetricConstituent,PredicateLogicPrimitive,PassFailBoundaryDetail,ValidationStatePoint,InspectionEvidencePoint,AtomicValidationAssertion,VALIDATION_RECORD,semantic,OM5_L5_RelationshipSystem_ValidationAssembly_ConnectionCheckComponent_ConnectionPolicyFeature_RequiredConnectionsVerifiedLeaf,OM20_T0280_L20_AtomicValidationAssertion,Validation record: required service and support connections are present.
